user_id,username,password_hash,category,algorithm
1,raymond79,"$argon2id$v=19$m=65536,t=3,p=4$DUl+VBA8Jr9QDKTZm3VaTw$gGGQpKcW4biXoUsnZrIoAlgx2/qGy/Zl9xbqeluGzyw",passphrase,argon2id
2,nblackwell,"$argon2id$v=19$m=65536,t=3,p=4$hhW7fL2fYOWfJttWUG8WIw$Dm8uH1iu06vP8ZzaLZ2IVXeHCCN4I1B685ZXFtl/L6c",strong,argon2id
3,cherylroberts,"$argon2id$v=19$m=65536,t=3,p=4$zTXran4wQdtoOiK0afkqjQ$pkNwxoqpNRk8y3AfJHW04v58TDW8uIuXei1TbSK6TqM",random,argon2id
4,vcobb,"$argon2id$v=19$m=65536,t=3,p=4$h02UBz57nF7vl9QPAgKtOw$D1NmP+NR/NUxIewU+dOI2Wl+h8T0s2Q2HyDrK6N5LEU",random,argon2id
5,jose49,"$argon2id$v=19$m=65536,t=3,p=4$zunRThqetvZoDKF/l13sxQ$NbRDnRNexUqy5UjsQTcaaZDTag2m9IPwC3RXSJjlNcw",strong,argon2id
6,carrie43,"$argon2id$v=19$m=65536,t=3,p=4$9Brq2rC4aeIyxFkEV4gCZw$hKni/twa76puyfeCeYz2QNLs3ZFh9UldUyYteN1nt/Y",medium,argon2id
7,cclark,"$argon2id$v=19$m=65536,t=3,p=4$IWBzTPvieZzTry5r2gTkdw$ulSS+I1fVjSX/3gOXp0RW6tuzbXPk0HSIT4ZlUCnLWI",passphrase,argon2id
8,haleymcmillan,"$argon2id$v=19$m=65536,t=3,p=4$9rL3m/3b2j9TuJtKXu7y1Q$AtdN9c3Yyw9RTXH7c5HCSh8cf5TQ/4m0Xyfa72Gej4o",passphrase,argon2id
9,olsonsherri,"$argon2id$v=19$m=65536,t=3,p=4$9nkg9CPNqhJQcaYGgies8Q$vvlCHbFwOtoQQ207/efjlp+pLrHD75eRKRYn7vEoUYY",strong,argon2id
10,martinezmelinda,"$argon2id$v=19$m=65536,t=3,p=4$rRaIwQsQ9kaJbRyRB2tMLQ$k8rLauzQlwTkAgTuZKS1mncVpCjbbnQnT8sYEUprSfo",strong,argon2id
11,vnichols,"$argon2id$v=19$m=65536,t=3,p=4$Tg1Ctqhj/kHwqIptQYEIBQ$mqOfhYmmkxbEMYS2sisW/xJFW8ZXoR6dCxyfvNI4Ox0",random,argon2id
12,brentjohnson,"$argon2id$v=19$m=65536,t=3,p=4$wiEGJh9afFyg9NOJIGz3bA$7WjaGACBvkFeNXW5klJr/Iz+0JGSMc/erQeKMoyVmvo",strong,argon2id
13,nsmith,"$argon2id$v=19$m=65536,t=3,p=4$CUZodTlSRiJVwA1fkh8Ylw$9zH7wVBamJOgem7+FYk4z2L6U7s5Q9xHGuq/qrsfPZ8",medium,argon2id
14,bgarcia,"$argon2id$v=19$m=65536,t=3,p=4$uAniz+tcpc+9AisRAjXxIg$J9dtILNFS5L9zWuf4wbmIBGmv8rt5RfCHXuMnY8li0M",medium,argon2id
15,pclark,"$argon2id$v=19$m=65536,t=3,p=4$kant7D4H1uw3HtcDRQrgNQ$d2Mno4dm3CAAo37VzND7u6g47/CzYiv0kRNgZk/LT0M",random,argon2id
16,david92,"$argon2id$v=19$m=65536,t=3,p=4$9Tlno8sjt15vNyT+lkjiRQ$f+u9kWvQP5b0dEVF7pylT1UORIBM4vl2WQnV/75hBSY",passphrase,argon2id
17,cynthiamyers,"$argon2id$v=19$m=65536,t=3,p=4$M7xySoeVNPOHScYsS8PloQ$lCZxFM+lNsRaM1kBaZZiWzztqKOOE+M1xG2516pWDHk",passphrase,argon2id
18,xsummers,"$argon2id$v=19$m=65536,t=3,p=4$RDp/J+fKz7PE9jyaXj3wEA$iDNJ5Iqz1jJhsOOJBBu0u+f6su7ZQPCLB2H3kYENYrY",weak,argon2id
19,kathryn69,"$argon2id$v=19$m=65536,t=3,p=4$Fepe5E/A9wku1RyMv4fyLA$L/nd99EpliT1VpMDZix9+vSOcdSdFGMRgd0PE0zsiHg",medium,argon2id
20,osolis,"$argon2id$v=19$m=65536,t=3,p=4$FpApODdfLbEgcZJ3jDKCiA$B0Nhr1tr9cEejRB2Z0YVr7yL6vMcajub9K2NNAUWSio",medium,argon2id
21,paul97,"$argon2id$v=19$m=65536,t=3,p=4$doWPeH4AnrFRPkJEU0pESA$4bwLrvFLnM3Izi2AxqH1I/q7tIiPjzPc6+EFkuQY5+k",strong,argon2id
22,cynthia45,"$argon2id$v=19$m=65536,t=3,p=4$dxZNpmt3BbmkwPVKySFBag$jNy3C4JGYUmmk4IS95yzIadVZY9YcHXFwDOPaZb8Rpw",strong,argon2id
23,philip95,"$argon2id$v=19$m=65536,t=3,p=4$uyHS7xtyD6AnGq84s3saqg$7BHXkKpPUkdxkxV3hIz9pUBUf8jGN9oEUbjzEiYe7bI",passphrase,argon2id
24,juliebutler,"$argon2id$v=19$m=65536,t=3,p=4$ZpZY9GmK/VWrspVfgyWbUQ$DocxUio2jCHWsqrwnH8OvRLzu/0MkhvOHH75AgVbO/Y",weak,argon2id
25,annette99,"$argon2id$v=19$m=65536,t=3,p=4$1xM4COwMJ2XIY9D2B+RCfA$QXMhjDHa5wsJU1dC8ZZd0BJId3h7arEnlBLisJrQiXM",random,argon2id
26,diamond89,"$argon2id$v=19$m=65536,t=3,p=4$fUSbzZ/8OnEthlE10GeENw$F8fHfj8fzkRArw9Uj7v385IDDJrB4te0kJa8mTiz1r0",medium,argon2id
27,ryanphilip,"$argon2id$v=19$m=65536,t=3,p=4$0nReMd1tS0MrOTqj3+e8xg$OXD77Zkp149NoHHnuH3/DimbbXqNn3X4RWEyY7b5lh0",random,argon2id
28,ramosrebecca,"$argon2id$v=19$m=65536,t=3,p=4$AhLIO9KGuXxYiyMovYFp1A$Kuoy38t8+avfVRPd2t+7KSsRh0adqRt8pCQ3+hiiI7o",medium,argon2id
29,katrinaking,"$argon2id$v=19$m=65536,t=3,p=4$kfp/gVEdESRZNfVr2rY83w$MflLAR8mpJZA1yrviDZmFhAhIVvlWaufvz2GyLh2DFQ",weak,argon2id
30,jesus59,"$argon2id$v=19$m=65536,t=3,p=4$Wgp4zDXp2wF/GyeTS6eiIQ$00Uwlxk26FEkfMm0nZ/ofJMJ7km8Vw6UI6bqcKSfUkA",random,argon2id
31,polson,"$argon2id$v=19$m=65536,t=3,p=4$RKdCLiNPOdUsSRWFw5ErSg$3T5KdaIHl9ewtjgMfC/m2wIs49WolMJw5tQyr/OZpZE",strong,argon2id
32,jorge90,"$argon2id$v=19$m=65536,t=3,p=4$6wYy2n9hfIUVnVkBHi7u3g$x8m0l3uIsNBkCzscGB2g6FXj6J2wTQMgV8VTazc/OJ4",medium,argon2id
33,millerleslie,"$argon2id$v=19$m=65536,t=3,p=4$KUrOq+KITciYET3AP2gG4Q$SoSbfoB2OeRPbNnY/WTUDyAJ0JvanCQ67ZcBqxpsnRA",random,argon2id
34,omiller,"$argon2id$v=19$m=65536,t=3,p=4$GBjRZ8BdQ2+Lmv4RvN7Fxw$vn3OqZwyxLEScHdkK+/wFzo7euvJqMmjkMKsx2eS0cI",strong,argon2id
35,leslie87,"$argon2id$v=19$m=65536,t=3,p=4$p9FuG1hocuYbJB6lHcunOg$P7vA+EetXjq1zl+M27I3c7GtV1twAVAiOIZhslvQ2MM",weak,argon2id
36,mgreen,"$argon2id$v=19$m=65536,t=3,p=4$t9i9V678yzwdgHG0BRo1lA$hUSQm+1cMrk/5novHO6dcqWYAV4lH+OrF560D8L3rTY",random,argon2id
37,patricialindsey,"$argon2id$v=19$m=65536,t=3,p=4$zsHkvpGASWpMiNmUX7tVWw$F15pfI7KcumYsRo5maH8I2iUVEVZ3InFs2k8PTQY1uY",passphrase,argon2id
38,christophercharles,"$argon2id$v=19$m=65536,t=3,p=4$QNONEISlLuNtkFawVxH27g$74UOTAclUgYQ1EguUM5iFHlgsXLc2quifzzmsEsVYO0",random,argon2id
39,christensenandrea,"$argon2id$v=19$m=65536,t=3,p=4$EL6eaV65HY6GqwSQgFWkAQ$vtCcEaPjgg+XOtAZgpKzVao9ukwEBstWHnOJ1svhm0M",random,argon2id
40,brocha,"$argon2id$v=19$m=65536,t=3,p=4$p77wBPfo7FBh7cUKJB59HA$QFhDvC/qX1oC99R6wt8zEqi8HeZXr/HcxB16gQ5Hcr4",passphrase,argon2id
41,ronald39,"$argon2id$v=19$m=65536,t=3,p=4$V1UNs8A7qVxaefW6LWKfFQ$nBzN8rQUr4JCYvUM8lLboCLumt45HQk0vloUzm9Fluc",random,argon2id
42,julie58,"$argon2id$v=19$m=65536,t=3,p=4$OXXUBf8qJ4QMS3+4LnNLZg$L+PeHp6mNZBvxOxgwUh6agrVCXN8P4Q6xdwt4LRGqkk",passphrase,argon2id
43,hannah72,"$argon2id$v=19$m=65536,t=3,p=4$TGiNjJBD3+bScrMUFNnzaA$SvcRuXgXVLJD5hBYGAB7UvaDiwHZaHKwF019pUIAM3w",medium,argon2id
44,ohuang,"$argon2id$v=19$m=65536,t=3,p=4$cK5ew5vBxPZiyqdKPhJqYw$qRUjF2KJ2wlYXh47xusNoqvklEg16+jvcYDbCQL1YWA",passphrase,argon2id
45,anita52,"$argon2id$v=19$m=65536,t=3,p=4$+YBp8ZKpeQZhuMYqJFt1Tw$s9MfjQkYBQ0sbs/xqW8z8dmGB1O4JWGkEcAysl+86Mk",random,argon2id
46,george02,"$argon2id$v=19$m=65536,t=3,p=4$QU5Z+n0OljgupVmWQhco5w$HAlxOaa8bRtfrNT+UUOheh9HEnnTZISiTk8U+OKJr6A",passphrase,argon2id
47,zlee,"$argon2id$v=19$m=65536,t=3,p=4$F3cHKfoRK1/Df/ZEYA57cQ$b2v1sfYTVnJfXO3qx0bBjZJQwKA55sPJfHKvuNEWZQc",random,argon2id
48,eric99,"$argon2id$v=19$m=65536,t=3,p=4$VQ1dQMLZ2b+sGCPZyJRfeQ$4k6zXB8kKoE4ItQFJJkg9tcQOGqLqIfHVmYNfTLexjM",random,argon2id
49,awilson,"$argon2id$v=19$m=65536,t=3,p=4$oTgnL15ghm3/JTovY/A5yA$zM6tDhC37VRie8J1IToOElM/Tn0bJ98cZCeoBcNk+FI",random,argon2id
50,lisa75,"$argon2id$v=19$m=65536,t=3,p=4$8nLxSoOkfa2iInbkYX/zPA$dGGlOxS2VnLO9gA9SYQT5ofoa4mYFD2GYc66tJFS+cg",weak,argon2id
51,lauragonzalez,"$argon2id$v=19$m=65536,t=3,p=4$m913Fzm9gb0HbsFEOqoQ5Q$giMdlbjDo+D6uGHNNeNr4S/al41qGJhJQ2Wcslwtxm0",passphrase,argon2id
52,ufuller,"$argon2id$v=19$m=65536,t=3,p=4$zA4BkWoYW7VFkXZR+VtLiQ$8BhW5M1s870u+oUGk6FfhRd3kb4GqSsYvxTQgfwuSsQ",passphrase,argon2id
53,gregoryreid,"$argon2id$v=19$m=65536,t=3,p=4$koiloG7eLa6UpRZYhnzgBQ$9hT8o+y4li8paQ/Sc8EfE4TUkP3tGz+sZzI9wY614I0",medium,argon2id
54,goldensherry,"$argon2id$v=19$m=65536,t=3,p=4$AjvCjWMMb6WEclqKjFSL0g$N3cNSk0J8Dn+VzhHfu7fCvONUNNkvNovhz3wbOt8Kns",strong,argon2id
55,fitzgeraldmitchell,"$argon2id$v=19$m=65536,t=3,p=4$YMxzpJzD70lfLUQDnrB+gg$n4I4kR8WQZQdxg3lOtjjny0F5NQTZIAMc4N0A6HfdZc",medium,argon2id
56,gregorycordova,"$argon2id$v=19$m=65536,t=3,p=4$JCvbnuVCS4UwqoAGYpGM6g$jxQ8moacV3/5xrzRxBRJ/03+HuPIkU8IJcaJx0YrOyw",strong,argon2id
57,brettthompson,"$argon2id$v=19$m=65536,t=3,p=4$frLnI4GbkGBR1HrUOXG6EA$+VSDXnY8D/jn9Fixngy913Zro1qVm4DjR4KFUnvqbrg",medium,argon2id
58,smithshannon,"$argon2id$v=19$m=65536,t=3,p=4$V3qWwD/x+VaMtu0SE7dftA$RORhdnjMmGzVGNaG/YiAh/a8JZmt8gAf7Qe2vC88vpQ",medium,argon2id
59,ydaniels,"$argon2id$v=19$m=65536,t=3,p=4$kOIvfs0S6pGu2ZALc5n7qw$oO69tg3vwGMzzkHwHtdx1Sz1kjMALvx3ONkwt+sxBx4",strong,argon2id
60,mhuynh,"$argon2id$v=19$m=65536,t=3,p=4$PpsbwrSkM7MlDXkckY4/LA$E1TrRdK4amEXYllGrNHutVxVSXushC2t8vLHvgxR9u0",passphrase,argon2id
61,gardneramanda,"$argon2id$v=19$m=65536,t=3,p=4$mmMvh5U6yYWPUhXRxieHpw$T2L8XdgSu3FIYKR7epXijGMyMUD4Nh5WZJh/gfWSFlo",passphrase,argon2id
62,zimmermansherri,"$argon2id$v=19$m=65536,t=3,p=4$DSu4pcSxG9Qtas+JZyowvg$NkqCEsLBYvM/O2ms6gqHZIxP6YjLx4NrE5EpHeSLNyQ",weak,argon2id
63,bcook,"$argon2id$v=19$m=65536,t=3,p=4$Z9bodoimauM7hYIQOX3KiQ$v6jLWAawLDKuTssEXKGmHKiUXclP3Ux/WfPeMtSqgns",medium,argon2id
64,ebrown,"$argon2id$v=19$m=65536,t=3,p=4$zqciMJ0qGr1NzZBupzZUnQ$tq5E3JylEaIGMU3iEu8FaDXpZQ0XOgsjwoX0ymGTlpU",strong,argon2id
65,qthomas,"$argon2id$v=19$m=65536,t=3,p=4$Xp0qhxeG9RqfnkhzvzM2IA$w/QTkv7j1KYKXhSCc51uBtpNOwTyo0dnfFAkP90D4+Y",weak,argon2id
66,charris,"$argon2id$v=19$m=65536,t=3,p=4$r9Z3tGDP7/p+a4YGm6SlVA$u4fdWin3r6Mamkp1bxDQOLTyaB8e7skHp2QXjsxdxts",strong,argon2id
67,johnanthony,"$argon2id$v=19$m=65536,t=3,p=4$XOwgp35dbdWWNQp3gBcy3Q$7RvmvKK5K1unJLvZhRDJU0kyrHiFUxaDZMBhlZ3fJVI",strong,argon2id
68,hughesdonald,"$argon2id$v=19$m=65536,t=3,p=4$rGAHnC9RdCfFi/iXXUy3oQ$9ZBFux8RgSpwhkbSVGQbIuSsWoDoAVlGl5sfup+GIr0",passphrase,argon2id
69,sjohnson,"$argon2id$v=19$m=65536,t=3,p=4$nnVKvmWFrUcn4Kp6acaXkg$qrgsetGoM83BKhTVc1eJ0hDYPoQZTZOIw2fWIllY8HI",weak,argon2id
70,nglover,"$argon2id$v=19$m=65536,t=3,p=4$TNVaaxO9H1nG4HKDiAXZHA$+RHcHQ/qaoccRWnrXRrjn1VKqN3/2B9BFFJaeSvuMnQ",passphrase,argon2id
71,walkerjames,"$argon2id$v=19$m=65536,t=3,p=4$nl/9vNcFykimIwBA5VZRqw$WDOmVTSnpJrXE7NOFBhQT3h6i+f9nxnE3oYJQFtmVxQ",medium,argon2id
72,hernandezjennifer,"$argon2id$v=19$m=65536,t=3,p=4$s+3viKCAjZNGyd22drycMA$tOLWDcRt1C8ZafiPy0U9AxCzyVoDWEk9C46cli33AlY",random,argon2id
73,henrycarpenter,"$argon2id$v=19$m=65536,t=3,p=4$2v4NfcfbP3LAHf4F698y0g$9ceMBtyP8lQgjcVwR1xs994Bdtd9j0bnpnjzC2Vp8mY",passphrase,argon2id
74,thomas06,"$argon2id$v=19$m=65536,t=3,p=4$TQburGGkHs84CD9D6I+oFw$OyvxqFsd4UqOXzLT2z7HDYIwdHVtqN8Yg3dQYxT+ESM",random,argon2id
75,markmiller,"$argon2id$v=19$m=65536,t=3,p=4$hJJlIk5jhkESlRNOMYOkkg$1nVztlXfj5xxJnZTmHFnC7+JpoQatvjsc8vHOg+G6/Q",strong,argon2id
76,ywoods,"$argon2id$v=19$m=65536,t=3,p=4$sEKgXXqsHvt0WECKV1iUXg$chZNApuAtZJfNvZH+NX3PA8FYHRdwQThI7P2EjJT5gs",strong,argon2id
77,richardsonscott,"$argon2id$v=19$m=65536,t=3,p=4$5SL/Uy+Nj8O7HXprKYRMfg$KLYoDtZgwDVk6o55Z+4z9feTDlc31hfUKR9vTrGMuCo",random,argon2id
78,ndunlap,"$argon2id$v=19$m=65536,t=3,p=4$b0Tku7qoGFcGEuTlFivngA$WmlOsqYllWGVnv+d9gMxsnQHj+Mof/eOcAF3yXX4mlw",medium,argon2id
79,markclarke,"$argon2id$v=19$m=65536,t=3,p=4$eWqpMdyjA74IkST91of5ZQ$psoB3JAps4IGyGhjkTzNFZtDWiM4vnl1Z5VANmexUJM",passphrase,argon2id
80,pdelgado,"$argon2id$v=19$m=65536,t=3,p=4$mOfDFX2juW7ZDAukiTlbKg$dEgGdtJoF6g849z2jmL/eqqGObGDjCA+to1DPk3vMp0",passphrase,argon2id
81,thompsonbrenda,"$argon2id$v=19$m=65536,t=3,p=4$/ZnXIL0JJAp2PMmckiCs6Q$SJochG1HaJK6//fQlulPPLFIcZAJoibqbKlEmbLeQlc",medium,argon2id
82,jessecamacho,"$argon2id$v=19$m=65536,t=3,p=4$UESfAF7D9S1kuNeeEGd3yg$YOkw42/J/lO2lqi2NJQBGA6VoG0p09lsDObYICl5GMA",medium,argon2id
83,sarah55,"$argon2id$v=19$m=65536,t=3,p=4$LGE+sC9kbzneN3OW3BK8dw$757Fcy7d5ugMvxZSgOl6ztqDuh8k3StJRTHuvixTerI",weak,argon2id
84,lopezdaniel,"$argon2id$v=19$m=65536,t=3,p=4$YdY4jj8oLv/kRk0L2rXOfw$V9ZymdYebDruXOpVqoCoTI4RIZXrsOFSo/dJCKNwBP0",medium,argon2id
85,cartersusan,"$argon2id$v=19$m=65536,t=3,p=4$AEAHOW0nFFjnWpEfh1ZVJg$2FQ1ytkOz6dVZ+5fFqCq+fJhKCxn4SPeM1ROGoGWlnc",passphrase,argon2id
86,michael51,"$argon2id$v=19$m=65536,t=3,p=4$kReBakGwCA2hBDoHE0fxIw$n7mHTt6bPEkXFAT9b/kX0C6vVPvoMZ8Ymos6tzCxL8w",weak,argon2id
87,annesimpson,"$argon2id$v=19$m=65536,t=3,p=4$D+ZJM4SqaAv1BHSY1oO8ww$SOMdcYwdEj2GB6l/dnKwS67bQCfTYs93O7WSWhvhQL0",random,argon2id
88,daniellekline,"$argon2id$v=19$m=65536,t=3,p=4$W3BZtAkMAAPYWchRPIdcCw$JDfSkj4HWSXUuDB2Rb6HiAauaSjwKrGdZZNzUb9clHg",weak,argon2id
89,ashleypage,"$argon2id$v=19$m=65536,t=3,p=4$Dd6cp9gaiaZIDTpDUaaovg$UOkzFfqxoIALzzu6YN3zP07QcMD2xzHlL1SZlmy5luc",passphrase,argon2id
90,owhite,"$argon2id$v=19$m=65536,t=3,p=4$KjidLiwqkMNCGLoWDSEZrQ$Xp2K+p8mr8dmH44Wo/cGume2f16S50jNxbYdGPZeLCM",medium,argon2id
91,zbutler,"$argon2id$v=19$m=65536,t=3,p=4$41G8qOHatq2A3lV3dC42yg$sNGAHoSwa5+NbjisDcoRI359xmTmlN9S+pJ3rBlhIoU",weak,argon2id
92,jackflores,"$argon2id$v=19$m=65536,t=3,p=4$QMu52gwvcgnTWAXEa60k9w$/PSSC/v7zJEQmw1U75E20TtGCJGN4yBOr9Az2tSdHZE",random,argon2id
93,mkramer,"$argon2id$v=19$m=65536,t=3,p=4$FLwLDTFfp8xioi//WK3iOg$OTCQjqAvJTkrz3Y27Pode81B3RsAPYW4UFEeLOEH5M0",passphrase,argon2id
94,campbellmichelle,"$argon2id$v=19$m=65536,t=3,p=4$AlhvReIuY4xQj9O3PBAuHg$8jYd9FP8fB+IqJCaPnrJ4IUyLOrcNd6DCUkiFFfSlMM",weak,argon2id
95,phamstephen,"$argon2id$v=19$m=65536,t=3,p=4$16jLVLrDzSNRs5/12QlLbg$ETPwj0Y5dUy0L3pM8HPU3yQ4avztSXIgRuBnao3eqNU",passphrase,argon2id
96,waltersjacqueline,"$argon2id$v=19$m=65536,t=3,p=4$pB6EfLFad2G7tP2obh2DXA$g60QnKJRPYKQQ8ee04oHnSamDqoJcDatodF9Nh3WjWo",strong,argon2id
97,margarethoward,"$argon2id$v=19$m=65536,t=3,p=4$lEsRHW+xCMJzXsbCzU24QA$30BalM6fXlX/Gg1INf8sJaRkR1pjYw31lxMsozWtiW8",medium,argon2id
98,washingtonaustin,"$argon2id$v=19$m=65536,t=3,p=4$KlcYxJtwsTw4JXdYVgDoNw$H9xLqqglLK/1A34aqzu6jMPCMYUJP1twfW6FVgSzamg",medium,argon2id
99,julie91,"$argon2id$v=19$m=65536,t=3,p=4$tVvOIusb5IBtzak5gluv/g$0CuawbZOHxWdg9KU+0zWl74JnUeckUXYxhy9sAQyIqY",passphrase,argon2id
100,sydneygriffin,"$argon2id$v=19$m=65536,t=3,p=4$7eELcTcSD0jSl1E+QdAxjA$OwvriCWUS6Ednyg/WrAXj2PYKAJ9BPmjww/CI6im1MQ",medium,argon2id
101,katherinesimmons,"$argon2id$v=19$m=65536,t=3,p=4$z15CwBhBNg3NDcLgNuoMDw$1vtqT8ex2w0IXVHDjAZPWt7rN1DLH4rUw2+9sLmtjAs",random,argon2id
102,stonejuan,"$argon2id$v=19$m=65536,t=3,p=4$CreFLE3uBe82r7OLV03Miw$l6/mBfPN0PmHJ2UxrmRPh7OwjYqQRMkczIovZ3I/tgk",weak,argon2id
103,michaela50,"$argon2id$v=19$m=65536,t=3,p=4$/yaf7jysWuRFB5vaAUTK+g$UgY4bN1wtqfQeK1A/QXUhugwiO1CiyZd5jvcw19yWKY",strong,argon2id
104,sherry03,"$argon2id$v=19$m=65536,t=3,p=4$yV9YlYtMBabj7I6qWhJxqQ$hQiC+xvlkKf89tv+9qkZCuPtkKdn/aVsgUyT+Nut2k8",weak,argon2id
105,sarah43,"$argon2id$v=19$m=65536,t=3,p=4$RWN9q+g5Ciu3dZ9g+8qIbw$ns1TDzNmxpAI7UwS0sWHYPk0Az2/TV0k59N73IatScw",medium,argon2id
106,chandlerbrittany,"$argon2id$v=19$m=65536,t=3,p=4$7tPO9HgXxnKJAbHCq/g+uw$Orr0ZtoNuyVa92zNFTfvBblU80NmDPWoBwNCMhiJhNk",weak,argon2id
107,williamsonvalerie,"$argon2id$v=19$m=65536,t=3,p=4$B1Exuz7xc5OLQDQumdys8g$jigWaXlmiCDxHPfFLoqYBnCVjqvVSa0VjS+cWMuv1NU",strong,argon2id
108,rogersamy,"$argon2id$v=19$m=65536,t=3,p=4$nBZhgSe2Cc1qMA/yjU/bsg$L1eVPO4jZPwxb+1qNwndzAV3NKJXOVZ5+pCdJR9Hf9Q",random,argon2id
109,megan56,"$argon2id$v=19$m=65536,t=3,p=4$45u0ex5JyieClzMQPj8k5Q$oFAQDlfGcfRbEEXSt6XbSX2iBme3OpHEjNM5x083b+E",strong,argon2id
110,cory49,"$argon2id$v=19$m=65536,t=3,p=4$duExvNjezPWX+5SqfEN4wQ$aMyOrOZzg4Sq4DPs/JNt1ci6m4utEX2UZx5Ohcv3Kgk",random,argon2id
111,watkinsmolly,"$argon2id$v=19$m=65536,t=3,p=4$ORqvYpsUG2SnU45K0YBzsw$Uw+bMJ+pDLWmF9dlgPMbi1QFjoWNegYK1zyVdmsLy9I",passphrase,argon2id
112,uli,"$argon2id$v=19$m=65536,t=3,p=4$DSzzXNmjrnwwEcdilOYkAg$e2qY97kbIv24a7c46NNcyfuy54viQwH1+lPoSElsy6o",passphrase,argon2id
113,collinsleon,"$argon2id$v=19$m=65536,t=3,p=4$znCZu4Ko95DfYxFz7WpXBQ$Bm4fRmXvE+d30iuZH8blKztCXhuk/hFXN7HR8sYYRd0",strong,argon2id
114,egonzalez,"$argon2id$v=19$m=65536,t=3,p=4$LxEHEMV/qlqkcA1rJXSD7g$/BqyTXZDqyLM5mtFYXyDNDRwSU+M+8AXGc+B9DFnFTw",weak,argon2id
115,jacksonthomas,"$argon2id$v=19$m=65536,t=3,p=4$bZ+B9g2W6bubs2IsEkc9ug$2LkrvbSXl4Tj6PdmKe0UiHcbwGzHadVkeKZ53pJXBfU",weak,argon2id
116,joshua07,"$argon2id$v=19$m=65536,t=3,p=4$EsWAOTq3YI7Z/zzEMMQ05w$GjnJlwOv39y53b+HVzzjcckmsB5j1+q+4qXLHRVx+4U",weak,argon2id
117,williamroberts,"$argon2id$v=19$m=65536,t=3,p=4$VI4lInIbXutML8od/w7z2g$LM6lr7WUbM+Xl9lpMboJM7XpbqwvjemM9flQ/XR+j0M",random,argon2id
118,grace28,"$argon2id$v=19$m=65536,t=3,p=4$AlGNqVR3pfjm9slGFEQ92g$7Tba2hDcADfGZo+MLIjWr7mmjTJLJkJNA88X/CUfofg",weak,argon2id
119,dwhite,"$argon2id$v=19$m=65536,t=3,p=4$7frVV+OCBvEP7LKPoMc0Tw$DLqNPSf5JjUaVeGmhiaWn9VAd/2pAktqG3bKQe1KD/M",passphrase,argon2id
120,trevor96,"$argon2id$v=19$m=65536,t=3,p=4$lslOje0pWThbhd9M+J5kwg$TWr/kTUKKYDbPael0EXe+VcdDsH9e/Vtz5GQraKO5/E",random,argon2id
121,jonesbrittany,"$argon2id$v=19$m=65536,t=3,p=4$MY1NVhFc8HpfLeDpKHL5pg$0cVrGiwPRtwLGGvcQT0+4JNn5rp5PpncqeFfLRI0qCY",strong,argon2id
122,jroberts,"$argon2id$v=19$m=65536,t=3,p=4$1cDLtbt3uJQbgxCZ/s6GGQ$GuHCUOLvp9jiYp6FpaJym61R21/NNAsf5n+b96Gp82U",medium,argon2id
123,omiller,"$argon2id$v=19$m=65536,t=3,p=4$gpk4ckWU8AtnyLQddZg+4Q$Z7hO5hfw8s1SvO5eRPzL4sMSWmJ1SotpCJ3GPCzQqSQ",random,argon2id
124,dawngarcia,"$argon2id$v=19$m=65536,t=3,p=4$txsJjOLSizauj05V448btQ$XXmV06qK/OF+61z3IwqSCqxOWDxzjEZU/c57PzGr4qc",weak,argon2id
125,landersen,"$argon2id$v=19$m=65536,t=3,p=4$nqEF/9jpcbXqELdZ8CdFWg$ySN/2YJeP2btybrtHtfsUf84dgW1FWJYHE2YtSxnHYg",medium,argon2id
126,simsnicole,"$argon2id$v=19$m=65536,t=3,p=4$AiSIBHYvqr9/2TUvFLmjgw$hXDLEhKpGI5kVfE03413AdGVrQYUFToS6YDj64oPH2s",strong,argon2id
127,thomasjohn,"$argon2id$v=19$m=65536,t=3,p=4$zCvurE4JkjqcoldvC/2WkA$fKPLp1NgtgjbK9Zv2nTrXWo587UxVOBgzcpUjBitcO4",medium,argon2id
128,mpalmer,"$argon2id$v=19$m=65536,t=3,p=4$sLCaAxD+RxRV9N1+m5NcAA$/8v/IZ0nyiwTlNgsJx0r92F+cKdz99GrVNFnnDMEP5E",strong,argon2id
129,katelyn61,"$argon2id$v=19$m=65536,t=3,p=4$Qnfb6uSyKAsoiMG3W0Qubw$+LZhmXmDR1PQ3UT+kGf3aXN5l4L6LXuw5G935wZUrbw",strong,argon2id
130,patrick94,"$argon2id$v=19$m=65536,t=3,p=4$EyeUbk+A6PSk2uYjCd37FQ$g+8FqcRstxleJtLol6P5ihpQHTKP6e4TFXtcaiH2AHQ",strong,argon2id
131,robinsonjay,"$argon2id$v=19$m=65536,t=3,p=4$l6m3nYtRtB1WIkNEFJdauw$GV6+vBaQpcAkFv6+fTKRjijEeeNEpFpC0lyHyc3mOmU",medium,argon2id
132,tgallagher,"$argon2id$v=19$m=65536,t=3,p=4$ZZfaFHh7E0r64idgq9REpQ$rfFgll9T2knbAsk7oaq4tIUpbL1LueeJlEBJRuT47OA",strong,argon2id
133,sharon43,"$argon2id$v=19$m=65536,t=3,p=4$Fnc6EzhxVcMovYJmeq0ZBQ$VJDhnQCjV7drMSMeXoDAT7HizkaqHGmAsAIc+HSeyK8",strong,argon2id
134,raygabrielle,"$argon2id$v=19$m=65536,t=3,p=4$0RLwEyTBpcVfCIbx/ajjRQ$xtOCqBnZIz9ELzwb1/NIYISIbIX7Oa2q3+ZQLEv8LS8",passphrase,argon2id
135,gordondavid,"$argon2id$v=19$m=65536,t=3,p=4$dF8B9vBdRmOAVTyu5402Og$eO7clPjX05Gt2/NpAziKYTtXEdF0CK7CMRJNF64t36A",passphrase,argon2id
136,scott65,"$argon2id$v=19$m=65536,t=3,p=4$V9JBw1UYzKBjZ6ovnWPZ5A$4gdkWkdZ4VqBhwMh47hsxKA4KkRWUM6I0zjBmg+JuMw",medium,argon2id
137,kimberly15,"$argon2id$v=19$m=65536,t=3,p=4$50jC4hUCX5qIuePuUqcCAA$w7g7PXVtruE64xPpzWoCtmFaHDTcW1hnBIzfeaTyo4E",strong,argon2id
138,jeffrey40,"$argon2id$v=19$m=65536,t=3,p=4$FRRmqhEmymDfhk40smSyyg$0zTx6YXgjtL5rWMxq0HOWJG7XLA6ti/wfF1nwJmhAlY",random,argon2id
139,robert48,"$argon2id$v=19$m=65536,t=3,p=4$cPRUgmppHYsaychwHk/BLA$TX2ZCt0r7Zu66DRYERgRZ1zbGvallpj9BIjeBWCCDls",strong,argon2id
140,sullivanjoshua,"$argon2id$v=19$m=65536,t=3,p=4$PejpooI+JV8PumF3P5QKBg$YWEI5Jlgr7fbcKvpYU+7q4cvn5Z9AVCXKG99kDbqw9A",medium,argon2id
141,wglass,"$argon2id$v=19$m=65536,t=3,p=4$Bo+9qTi/uAnsLRSfZ1oySA$nMVNn4dilcoMqN9O2nOESKkBw3nLdFVgv+Jxj419rz0",medium,argon2id
142,walkerlisa,"$argon2id$v=19$m=65536,t=3,p=4$UdROMUl5U1Ani3UCm5rnKg$BlZSv2iWI5sDqHZ62NS+2FrSt/rX/Gi3oSqNysHP13s",medium,argon2id
143,susanlee,"$argon2id$v=19$m=65536,t=3,p=4$+qnJRSZkSyd4qiFuLLCFvA$DG+iKKvGySzcQxvOgoDix60LAQyrwzaCjjTUFYMB2Eg",medium,argon2id
144,crystalmartinez,"$argon2id$v=19$m=65536,t=3,p=4$eVEjGP4Sav2DeBTkH5OkOQ$7N+VbrZznLnuqTHft3ZbZ7jdmBqlf0VYv8HRetrWstY",weak,argon2id
145,xgreen,"$argon2id$v=19$m=65536,t=3,p=4$DDb2/RWZM1U3cHxcUyaaqw$WwIOWy0fasKKAP9oV90FqVAdkYcVzQHfypDN6kd+vCM",passphrase,argon2id
146,mbolton,"$argon2id$v=19$m=65536,t=3,p=4$WfSGW/oUSVTV07UwFzOByw$IG5S2KhaHXGjTZxJFcesVEz+fBa/Oj1fStCkvZzrZS0",random,argon2id
147,denise55,"$argon2id$v=19$m=65536,t=3,p=4$SUMoCJFulatnB9WuIE1a8Q$munPjNodpvOb/9WUUVTEBLYWUBBCL+cRJlbBEeHdea8",medium,argon2id
148,michaellarsen,"$argon2id$v=19$m=65536,t=3,p=4$fbuaq8MIc2dlJrxIFcY98g$v7B8khq4zXSglC1z5y5d5J4/VFAtzkC4qmEjGwqeAIM",strong,argon2id
149,brianhutchinson,"$argon2id$v=19$m=65536,t=3,p=4$q2pkhz/pnHZXyLArWsUILw$8VNy4QS1dlHIa4lw4z3/71648u0Xm0RORgRSXwTp/TQ",passphrase,argon2id
150,frank45,"$argon2id$v=19$m=65536,t=3,p=4$GKIQO5IIu6HHBTq63sZVFQ$90nMyxRdvVGy5E6qmu+dbNqbH4Ury+d8mqbUBQZ5MFs",passphrase,argon2id
151,dawsonamy,"$argon2id$v=19$m=65536,t=3,p=4$w9Q+yk1NPMyPj8D0Sisaog$BguDYCSpa/AD2Fn1NA5R1toq+8psQbidKf0wmLXuk3E",random,argon2id
152,qmaynard,"$argon2id$v=19$m=65536,t=3,p=4$JgDd5eidoof5fqhtzfA/Cw$vmpcpMKM0ztVMAK/V8kj1xUV5OW1t1/8HQ84Qj1Nfzw",random,argon2id
153,jameswallace,"$argon2id$v=19$m=65536,t=3,p=4$FkxB8FNMDjr3q99YnswtAQ$uEQ7ZApQnsO1nKAbdy7lWj1JuPbI3JecD0Dff7t4i5c",passphrase,argon2id
154,corymathews,"$argon2id$v=19$m=65536,t=3,p=4$DDtednjwzuvG1lwqMaZqQA$Jr8oNVtQ6RiQ0d5AnsNNugYKXzcglyMiSXw932iqFcE",random,argon2id
155,schmittmary,"$argon2id$v=19$m=65536,t=3,p=4$TpRloWAaHf9uNk1+rQVqjg$/rSldWsD6qE90uuwipIP95sIyWGL3w81JyN2/ZRu/uo",strong,argon2id
156,woodwayne,"$argon2id$v=19$m=65536,t=3,p=4$C9U4cqm0QzGAs1ooeiTmuw$YLanJzhoI++kDZjlUUAgVPg4VcwZrsnhQb78faeT+Ts",weak,argon2id
157,ustewart,"$argon2id$v=19$m=65536,t=3,p=4$I+pzQJWxAHL94hUjwwQPlg$e5ffB85sVj5NOozimsEJ5TBN/ztudsqTMI8A2Ar6FK8",passphrase,argon2id
158,steven28,"$argon2id$v=19$m=65536,t=3,p=4$7HuYwxIjoLkbThaBYBZ37g$R6tcHxazokRhPcwttbrwKFhnXnbuJLGTzd1Yw3iUqqE",random,argon2id
159,iholland,"$argon2id$v=19$m=65536,t=3,p=4$3y3/uNpBK2nLZi80zcpmqQ$IcOvbiGckkxdDLEytqfMFf6+qNpXjDEKfvdVhJfBxwo",medium,argon2id
160,bdoyle,"$argon2id$v=19$m=65536,t=3,p=4$tL9c/7wj7rUWcAu3BrMIVg$ZftZrAUV4/YEl5vA2EVl4fUQCCsgQ6IXZb/sxzS0lto",strong,argon2id
161,brittany56,"$argon2id$v=19$m=65536,t=3,p=4$d9af9yIhvychyzk48Xy1nA$HXoC43CgjudVLIia5OEqZPKrUx0NCIyKLkOXMfwLZ7E",medium,argon2id
162,alexandria26,"$argon2id$v=19$m=65536,t=3,p=4$goi320/Jb2noUJJdHebEPg$7Otdpy9CCVkQusTJ88XcpnDeXwfjHbGEOmF+hYoMzjA",strong,argon2id
163,susandavis,"$argon2id$v=19$m=65536,t=3,p=4$4EmwR2BTpqlFub93/W3Hhw$OjF2GgXWmWofIpRh+FwT0SJOzcZcWqAbj0BVA568a84",random,argon2id
164,brookswendy,"$argon2id$v=19$m=65536,t=3,p=4$Y3H7FUyJZLTklnd/i7UnoA$ljMtn3uIg/3kj5nQhJZ5Rn3f5oGbczRHqz/zAhqe3fg",weak,argon2id
165,stacy51,"$argon2id$v=19$m=65536,t=3,p=4$CfXFXy4TED/gD0Q4RN797A$neehYIj0xQMVS9CPYep2JIb0zfA0Twd6YvCECnxtuXs",medium,argon2id
166,julie76,"$argon2id$v=19$m=65536,t=3,p=4$kZ1WEct6VX+yNOLA4ViOYw$ieUM79c7cV17cq0psbnIKDs1/RcMtCKK72UaKbCqiiw",strong,argon2id
167,catherinegray,"$argon2id$v=19$m=65536,t=3,p=4$622ierksMtl+QO2Gsn9ZEQ$6SWudCedpvB4mW87UG5wNCX/sfjFY3fLORmbbk4tGOY",strong,argon2id
168,jessica11,"$argon2id$v=19$m=65536,t=3,p=4$aauqflGBVuks2CIfcXXQ9Q$w8kI9gy4ZxkiHUZfsGiYlBZy3wJdej6rLN0V3V31xQc",medium,argon2id
169,phillipsdaniel,"$argon2id$v=19$m=65536,t=3,p=4$ZvnEUhB3AoNOVkBvvuGXsw$AkOhPqUpbzumai6t6Lv4MKMW6btz1G/NOMJXcAtbBOY",strong,argon2id
170,wilsonjoshua,"$argon2id$v=19$m=65536,t=3,p=4$TlKaQtecpG5zi6Jadw95Hg$VTZQl81zySpxf6WhVErxcH5a31vFAzSfyiQ/DQLZ87w",strong,argon2id
171,kristivaldez,"$argon2id$v=19$m=65536,t=3,p=4$yBa1IRIVA2GRC9xKB6oebA$GV7A5zCOikrHI2/Oko+Fhhz/AYqC0f+9G4NudVgY5WQ",strong,argon2id
172,wsanchez,"$argon2id$v=19$m=65536,t=3,p=4$QejIYY99nm7qyrlM9Bb26A$piN2oAphM0Ip1MQ8cyj4vNiKaiARBMf+FBC9qBQjNHU",medium,argon2id
173,joshuajoseph,"$argon2id$v=19$m=65536,t=3,p=4$TntPGaSNKN50xlTCaowv9Q$x0MldB822xt9GbJOJ6XKy/1whGfWAfHJGyhMWNlNfx0",random,argon2id
174,stevenbrown,"$argon2id$v=19$m=65536,t=3,p=4$OL0Xgw3XmrRQre0Z+yn6gA$rO6agHq/r8lBWjOm9oLv02HQBXWrrQdOyYrEfu36ZIo",passphrase,argon2id
175,perezjohn,"$argon2id$v=19$m=65536,t=3,p=4$fgFdnJ/keHm9xRdL+RYnsw$+fPb7oT5OmL0i5m+Jih4o69HIQvQa5K8KiyxiY7YNGo",random,argon2id
176,joseph69,"$argon2id$v=19$m=65536,t=3,p=4$/mEXyowyq9PE8U5zECRl1A$iahBlJ7Nqui63sNy0kmLgubycENOYvX/P3TDx1G5Qmw",weak,argon2id
177,hernandezjohn,"$argon2id$v=19$m=65536,t=3,p=4$r1dnRcRsiTFmYCbp4OMKrQ$cqP8nD1pShjNpQ7oD0dxLWg70LWJYNP5GqbXo1w2xuM",medium,argon2id
178,kwalters,"$argon2id$v=19$m=65536,t=3,p=4$6Wh/CtVHD6ep7O18VCZjUw$B845Ka2GYu4C+ooeS1OutXWzCVmRRobCNPUtxeDfujs",weak,argon2id
179,alexander13,"$argon2id$v=19$m=65536,t=3,p=4$rnTfpUE4fC4NpKssdmhR3A$TG9AF3gc2JjA4jjifrPWOMiv2NQjq0RmUFWHz0NGkao",random,argon2id
180,bradley80,"$argon2id$v=19$m=65536,t=3,p=4$6kAJLNK36eD+VatSLRZ1TA$HYY/vmHF3yaFYnKG7AnkLtcAh0COy8SHgjUh0ewACuY",random,argon2id
181,atkinsalexandra,"$argon2id$v=19$m=65536,t=3,p=4$59o1YT7O21fW9hb76CEBMQ$FsuMcqB91yxYOowwgeH9TcXpBHoumqbKYci7ddbUnDs",passphrase,argon2id
182,smithmargaret,"$argon2id$v=19$m=65536,t=3,p=4$0HAfPFx5q08XRRhenTqoXA$CU85sVZhN1thpi/VYNxpPIVi4vpIj9+60JY5MVXbYsA",weak,argon2id
183,elizabethdickerson,"$argon2id$v=19$m=65536,t=3,p=4$u5CzC49pSe6TwsJUqYOk8Q$Rot2cpTGP3Ikdh67pLGBR2mLH1X8UQmraio363ltT2o",weak,argon2id
184,hadams,"$argon2id$v=19$m=65536,t=3,p=4$s62TdarLxrdZFPMhvxLgmw$Iu1V/+Ge36jb+fcvOe0w/ZqtOfjdSpv7KN41qrKBipk",medium,argon2id
185,gutierreznicole,"$argon2id$v=19$m=65536,t=3,p=4$jF7bicvUpLMi48qz9bX7dA$twKLgMa1BHcb/Ls864f0GX/0pHjNdvwm1xhLfOoPTL0",random,argon2id
186,ggreen,"$argon2id$v=19$m=65536,t=3,p=4$SSaEi6KVOtOX5bKNxfbeVg$0e0/p/thBXVmm/pk2zJ7BYa5uZM8aCpiLIJNWbu568U",strong,argon2id
187,jose05,"$argon2id$v=19$m=65536,t=3,p=4$0hqtzSoEEQPTK2oRCkOBYg$YlwJMBmwtcBXON+5vl2kXo7MsxNX0fuE3uWHBNJl+Bk",strong,argon2id
188,leeamanda,"$argon2id$v=19$m=65536,t=3,p=4$DwbS74yEo6nUsCtR0od6SA$qG3//3XzDPu09LP3m63XTXfjtDWjkmpDKVClmPJG0DU",strong,argon2id
189,ttownsend,"$argon2id$v=19$m=65536,t=3,p=4$h6AuWiKcvbTzPT5RL4o/5w$br4fZ2xNlJsh6n73T22FEknxUayqiV1OseiaI7wxTX0",weak,argon2id
190,ubrowning,"$argon2id$v=19$m=65536,t=3,p=4$6nydnQee5pZYtWrXPhDoig$jiStFJkt7yrFS/1BcQ5Fy6ApDgjrMc4tJnZuo8waFJw",medium,argon2id
191,pamela79,"$argon2id$v=19$m=65536,t=3,p=4$7X/unpuEURVd9ZlcioxBqg$GyhI+8S8T6pnXS1Syq0al1x+QvOYNDaRFSaRpyT2ofs",medium,argon2id
192,robertlewis,"$argon2id$v=19$m=65536,t=3,p=4$iC+aX+5nIAjVr9telsac+A$f4bP+Ln+H38KJcKeOntDplWsUWHslWuMCEEkIHDTp2w",passphrase,argon2id
193,codyclark,"$argon2id$v=19$m=65536,t=3,p=4$d2J3VDdpmly1ZflEMQu9Bg$kDEA28W+CGXtOf6P6uHCJoxX7wEEJlaBb1uxINiV06k",medium,argon2id
194,holly94,"$argon2id$v=19$m=65536,t=3,p=4$eFhLFtulqeN/1dZl52XA6A$LvXn2HPbm1/AWvET8pj0VO6gXrdrZoofBwtmBZ7YjHY",weak,argon2id
195,jamie69,"$argon2id$v=19$m=65536,t=3,p=4$Kk7BEwpTQZX7DtOwjvXkJQ$GyLzgD4/MpR16W/Ab8aWnWGDR1AcHxMf1QZlflqRDow",medium,argon2id
196,richarddean,"$argon2id$v=19$m=65536,t=3,p=4$6eVhgjf1cn3A8K+80UReuw$bmumJSJcM9tajn2c/xLEZIkss/HGr2v8/IZ5aO7EEyM",strong,argon2id
197,amandasmith,"$argon2id$v=19$m=65536,t=3,p=4$JWelbaOwFnUWAJOHdhSnAA$Et48PCNR+BUmv6VQTmGV1uGiPnr5JRSaPX1zuksEUWQ",passphrase,argon2id
198,plee,"$argon2id$v=19$m=65536,t=3,p=4$isTghr0SO+jm4B/B6CqeUQ$aRU0ZapzNRnQlr12Gr4n5sELCw54/s0FuwJ0cWsiHnw",medium,argon2id
199,mortonmichael,"$argon2id$v=19$m=65536,t=3,p=4$w+P5qW9Niruul6KPJKyv4Q$oarEZHXW2tQTg0x5pIo3fdN/D1par/ffmW1Lqcy8x84",medium,argon2id
200,zramirez,"$argon2id$v=19$m=65536,t=3,p=4$yav8u5yM5wEuJcS58NqxoQ$GCi9w32oZP1e5eWe+Ce96MuJG0gTcwlmrURK+VrTTuw",weak,argon2id
201,vburton,"$argon2id$v=19$m=65536,t=3,p=4$OYWnBSirRszgh97zGAwUtg$XSr20HfsYBBN+9CHoCKcAnOZdoaYHvY8CypVaHNQa2Q",weak,argon2id
202,joseph01,"$argon2id$v=19$m=65536,t=3,p=4$XB0a6oidVE2+elKdmpWOIw$b8QCaAC6ec9/70/uC8tzN+ume/KEUssCKjIKm2WCzng",medium,argon2id
203,heather50,"$argon2id$v=19$m=65536,t=3,p=4$uya+5BWA2gdtsr4wk19kzw$dlFWmI3d3Ak+e3nP3dxkg2LMWfI+xOSu9OyyWDjgUCg",passphrase,argon2id
204,jacquelinesantos,"$argon2id$v=19$m=65536,t=3,p=4$DL9bg0PzjRveJxXjWJBgQw$MfTU2OGiVlwmemtvY0i5eEbuP6Pa+pfSyiotnmuhTl4",passphrase,argon2id
205,david30,"$argon2id$v=19$m=65536,t=3,p=4$GZ+gE/EPsPxwkyunLfLqhg$1lvQYIEnxD3iHKi1uxlJHApzSi/KGed2ejHscy/nzOA",random,argon2id
206,xsilva,"$argon2id$v=19$m=65536,t=3,p=4$HFMHqglnIuYRSKFAcicb1A$LbCi6V7wQlLyAkOgGtb85mJvZSSu2bkZDo7/zmibDyQ",random,argon2id
207,elizabethsolomon,"$argon2id$v=19$m=65536,t=3,p=4$TN6xYekasyYRR3MRu6EhHw$V9vpzHMnWcPBmv3elcIfA1nGUPEB46tbxr1mpq3IrnA",weak,argon2id
208,beasleylisa,"$argon2id$v=19$m=65536,t=3,p=4$Z8qda28NrmQ/J4n/pHQRBQ$mGVnll1Sraodn040pA2ZjeMmgfRp9D2KJazVPZFporU",random,argon2id
209,houstonjoseph,"$argon2id$v=19$m=65536,t=3,p=4$KwMqfK1WeJ+QA6/9gjcpgg$hrRzYBe7/bGb5AUbyDTibBckWGcAZ0/CLoUeStmSwEI",passphrase,argon2id
210,barkerjoshua,"$argon2id$v=19$m=65536,t=3,p=4$ar2/ea8jO0jwzmQsdT6bYQ$iCHdNGYwht6DzYfMxiEYrEHZAQ6yvlhXJ82PtIHESp0",random,argon2id
211,matthew28,"$argon2id$v=19$m=65536,t=3,p=4$ls1sqgriCWSQOYhnemnO/w$fIKLjMnPL1U+UbPKVS8ppwLmpYFReNINj8Pg9CzDtFg",random,argon2id
212,ryanpowell,"$argon2id$v=19$m=65536,t=3,p=4$43NC4n/E8FBtgbei5pFwNg$lfjMzeeDdN/89Q72W0BLJbhEL/fyqQsvjXVfGFFsfnU",medium,argon2id
213,christopher81,"$argon2id$v=19$m=65536,t=3,p=4$phbj0uMjec2MjgLS2vQdFQ$fqV72OOYLVe/17nN+kSeb53zBX8J3LO7C6QX/Nb4V+M",passphrase,argon2id
214,istanton,"$argon2id$v=19$m=65536,t=3,p=4$bULl8qDKckGRhmnbzVEcvQ$SKrmUv6t5VsfIWpY94Erx9bYLr0pHc9/Kj7OG4byLO8",random,argon2id
215,thomascarter,"$argon2id$v=19$m=65536,t=3,p=4$lImHmMQW3gLgNn44ltXlFg$1ODybCWhraIaBISkNTMJ1z7XIiGzV67Kh2tmYRaa+Ko",strong,argon2id
216,patrickbecker,"$argon2id$v=19$m=65536,t=3,p=4$f85LHMVH1ujkm4ZodPs1Ow$Ij9lmT2AYW3fxsZYABqlsUUKAA8OtcUOzZurrlsCHSM",weak,argon2id
217,greg10,"$argon2id$v=19$m=65536,t=3,p=4$IaQd3DVQKvKrlq96iDemew$gjkX9MdnKyXOWTfPEWvDU4I0Cc63+Etq3+ytp6w98L4",strong,argon2id
218,morgan00,"$argon2id$v=19$m=65536,t=3,p=4$3eooye4oZXzr0aS3aQKD1w$25MdUvynwX2zuchiREvKHMr5NgDwjtlunLdhahS/wh8",strong,argon2id
219,vwashington,"$argon2id$v=19$m=65536,t=3,p=4$gPY7n2+cBrnb6YA31igo/A$I5oR+IcZ2ym+ExU+2RmnzvNVr43EAR3HP1IKs/G1/no",random,argon2id
220,randall76,"$argon2id$v=19$m=65536,t=3,p=4$AiztmhyPQA1GXSikD+/+2w$WA8I+r9D+tyKwSReGHbs0z8REYxQgj8ZkvGJhU8IyhE",strong,argon2id
221,butlerkimberly,"$argon2id$v=19$m=65536,t=3,p=4$zJfVp9UDzdzqdM86UCupag$Ky1jnR2cZGJXr75yxpl/kLQMuUpJZWduOnW+53ioypg",passphrase,argon2id
222,allisonli,"$argon2id$v=19$m=65536,t=3,p=4$/iQjM5q9p94Ag8Uj82odCg$CwhqkcUVI0x9GIzepDXWCL3Drs23qQNKwWY4gQvT8EY",medium,argon2id
223,yrobinson,"$argon2id$v=19$m=65536,t=3,p=4$AJsjAL5xlPr4D6V3IN+K0A$sTOHzBGcQOCJa+XOHICzMi1b4cqwOVUfVo/BD4Bd4pA",weak,argon2id
224,dleblanc,"$argon2id$v=19$m=65536,t=3,p=4$f+R/kNSKCexkU3jhQ907FQ$iAyk+x3N4eVl4Re59qSrSRnQNqynMCzg9DQk59DSrfY",random,argon2id
225,craigliu,"$argon2id$v=19$m=65536,t=3,p=4$K/cGw2EHkUE8/PbB3tE7Fw$nLhhBBK5nnBMHnrmydg/xP9X60gYA8Xvz8EWs5P2YUk",weak,argon2id
226,vmcguire,"$argon2id$v=19$m=65536,t=3,p=4$sYccoYUHTabkHJCV9NCBGA$lJFaLiou2vaFxRSawP2R5cKajsJCyXc5eQuxLSS4Kwc",medium,argon2id
227,johnsongavin,"$argon2id$v=19$m=65536,t=3,p=4$5sSyK991fLdS6zEmmdblSQ$jN1gxSeDFh2AOtjdz0TYen8ga/3gtENrZlpp90Egysw",medium,argon2id
228,nguyentony,"$argon2id$v=19$m=65536,t=3,p=4$4MByAPasBGxPtMeToaSw9A$dFuywRxLJzMcIjpo5Uincyrv23+WZrICDRV3b6CXJho",passphrase,argon2id
229,manderson,"$argon2id$v=19$m=65536,t=3,p=4$03leudcDmVQKYMCW/U7dbg$2HCLHMaiajRBDmXwnUS1ttYzPXBVqFziNwDh/+CQH10",weak,argon2id
230,jvaughn,"$argon2id$v=19$m=65536,t=3,p=4$AIGgvKSkI1vAW8ku6jacTg$7kp9xw3KsAZaasvvVTBVsCrcC1ZNjhHMTfpQupOFDGI",random,argon2id
231,sharon15,"$argon2id$v=19$m=65536,t=3,p=4$SeH6cH+GBSbu5SYusKNehg$7LXWJVQj1jOVozwn42AzPBGeBLciR/+eJ36lWsjm2RM",weak,argon2id
232,medinasamuel,"$argon2id$v=19$m=65536,t=3,p=4$2wEC9FmPBa0eL7UiJPXT0Q$XwexCcN5rpsi1MkI6iAJWNmxcaJIrqD5zIXyrxarwn0",medium,argon2id
233,tonyconley,"$argon2id$v=19$m=65536,t=3,p=4$lwh5MY9YcZEHqesalnJUzQ$WciOIw4mPNnvlEkQioGS42fr/Y5pJ7lSAuFiQbn165I",weak,argon2id
234,harveykristina,"$argon2id$v=19$m=65536,t=3,p=4$ymEKReOvuKRGM7kQ3zubhQ$DyVQwqrKrfiQnxRbaR2riUQo9zKBmfrhrQJbQsMXVE0",weak,argon2id
235,johnsonjohnathan,"$argon2id$v=19$m=65536,t=3,p=4$o6E7cdJJuLuF7w/c1MOZGA$WL5f0Xzz7G2rXi9qUFU29X/a/rbZHZi8pizDJxOesWo",weak,argon2id
236,rbooth,"$argon2id$v=19$m=65536,t=3,p=4$jaN0mejSJjNE0Fg5F2f36w$YVmo+dwfDmwVj+wxOeTCfau/mrmLcyss+4mRHAucKA4",passphrase,argon2id
237,amandarogers,"$argon2id$v=19$m=65536,t=3,p=4$lL4gfpbbR3BrYQ3AMbvN6g$KNkd54gDrGi28yCiZabwB+iQ3UwXawPY5lawDnpg61c",passphrase,argon2id
238,smithbarbara,"$argon2id$v=19$m=65536,t=3,p=4$vnVdjG6YyGKx+kkqHV15fQ$9CSS5TL4+ny/y8AxvNZCACe4od1ge+aD7K3hTguegtw",random,argon2id
239,michaelmiller,"$argon2id$v=19$m=65536,t=3,p=4$O5Xc0ItoHfsUt/Q1hkc+LA$FysL1RpuPH8QQKbFpPB9ArxQ2uM3vAIw90bKiio+VnE",passphrase,argon2id
240,zbishop,"$argon2id$v=19$m=65536,t=3,p=4$l3fINgDmjO6+EJByiHBIgQ$fzV5IHValLfqw8arbpSglCs0g0DKdJuaI1mq2qBGRHo",strong,argon2id
241,blakejulie,"$argon2id$v=19$m=65536,t=3,p=4$QkLxCdQRwF8Wu8oFi0aa5w$vC+fTBp/8tux6LMZKwZnPOEvg0b05vJm0QEgVDxblGM",medium,argon2id
242,sean47,"$argon2id$v=19$m=65536,t=3,p=4$9E5125xjJAaEus6KJuBHSg$a4uatxm8JdM6FeG1F1FXNIFhGhYi00gbFw16ZPuLBrY",weak,argon2id
243,smithteresa,"$argon2id$v=19$m=65536,t=3,p=4$UUk45rVWFiewXb9EiCzIQQ$6eoqw1VNHdn18MPcQ3PL76IUbPWbxepqWWbyDOYGbcU",random,argon2id
244,nramirez,"$argon2id$v=19$m=65536,t=3,p=4$+DAU9GrkjiFeDrrZwCqF7g$Sjslkrxmi6Q4qJpeS20fa0A++S+IEg+WWGAZzXJCmGE",strong,argon2id
245,michelle33,"$argon2id$v=19$m=65536,t=3,p=4$gPUGVtKFH3+/X2jp+HGkhg$DBLP/FlLTjRiWogmMtWlmuQPO5R06vLRHoCsswudlvQ",passphrase,argon2id
246,sanchezkevin,"$argon2id$v=19$m=65536,t=3,p=4$l7hS5wjVer5BpE0qReLV+Q$d6l1ro2lVy/ajYYDHVtAtHb8Ojwgm3MQXw3kQYSScbA",strong,argon2id
247,jessefigueroa,"$argon2id$v=19$m=65536,t=3,p=4$OtjRgpnIthNGk0la3gbvfw$9FJ13hpqGucEKYjVHfQ7MvfBeCHM1BuF3/U9z6ISZHE",medium,argon2id
248,patricia02,"$argon2id$v=19$m=65536,t=3,p=4$/WAAh+JoxyMq1Hb5OymT4w$jAWQQe4HqE8L6JLif2M+dRidSTJ3R10h3aPxBwAuFHI",weak,argon2id
249,elizabethwoods,"$argon2id$v=19$m=65536,t=3,p=4$QY0KQKJhNQRwDG79+eQkHg$Tg5WocX2rLkZXux1ZEy+gmkAwZqY2QhaFCSpmhbzY3I",medium,argon2id
250,melissa76,"$argon2id$v=19$m=65536,t=3,p=4$A42ztSOERLRmHuAifcFkeg$W4+6EMeSYXZkfbB4UMSQKBbCrwbJDMzLeM9S8tLo6WM",strong,argon2id
251,arnoldbrian,"$argon2id$v=19$m=65536,t=3,p=4$vDI5Ic6HXdikMnZ2vHt9Ww$u9/mz6OlQrtEgPyg9vq78rIqO2YRP5sk7rbSswpD2CM",weak,argon2id
252,alan83,"$argon2id$v=19$m=65536,t=3,p=4$uPFMTRmvJ63e/QSFuc8b7A$cQ9Q0BewzRBGV1qEFuwhx+4w3bz+8kyAsr2xGIOfEmE",random,argon2id
253,robert38,"$argon2id$v=19$m=65536,t=3,p=4$UUPPEuLB+P4iMViCTRO+Lw$lDbowjjEnjJSpyx+sMcXWmkVQmDRAbl0mhPmSku9CBI",strong,argon2id
254,daniellebauer,"$argon2id$v=19$m=65536,t=3,p=4$yPadWIl+IFtWiMdIqCGNNg$of18qBLrkQ0AFg9G4CKBobKxSjQEHdduzzqLl/d6ZvQ",passphrase,argon2id
255,kimberly62,"$argon2id$v=19$m=65536,t=3,p=4$D5+CzzBl4HJxPPkG4/EzGA$NmKubOFQ73bdcPyduZzR01VM9AMFb1nHXfm37G3doa4",passphrase,argon2id
256,uwood,"$argon2id$v=19$m=65536,t=3,p=4$p3w9dj1hbwUPHqqJ2uud6g$CBM7X8eV1Lvv6nXpbnufoXtUBH22m92837MbdGcn0Rk",weak,argon2id
257,brucemichael,"$argon2id$v=19$m=65536,t=3,p=4$VuuKBd9PQkYfj6UsSD3kaQ$qYdkroPqUXbYNdUdeOE/WA2wt5i9Rylq3bJswNVZ144",random,argon2id
258,lucasmichelle,"$argon2id$v=19$m=65536,t=3,p=4$azouEu1KQAtHjOfrX7oOew$jB8qvzFUsHOroidCxOSJSLPLHNYmiFVmFi/dtLulMKU",strong,argon2id
259,douglas53,"$argon2id$v=19$m=65536,t=3,p=4$Bgtw9TRruO42ZkPgeGHrZA$ZneSh2L2Idj9q5OBE8pLPElYjX8AwXe55ct/iajylhI",weak,argon2id
260,zbennett,"$argon2id$v=19$m=65536,t=3,p=4$u6OO9/5ZwuOKNZzxAfwgLw$JjUiOoweSS/Ql+gxwnMX8/tp2Z2uzuuJcqvTApBZ34g",weak,argon2id
261,cjohnson,"$argon2id$v=19$m=65536,t=3,p=4$eJvNUMGGY8mIdmbsYmyAcA$0f1W7U2BuLn821GwCeicmI2sWFQp8gtyDCgMxJ5Zxp8",random,argon2id
262,mayopaul,"$argon2id$v=19$m=65536,t=3,p=4$YQw/hrzrPB3aii4FDhXTgw$iMgQOpdAdQcfb8hcYkV7x40eWNzkEsBt+SsplqSIwRI",medium,argon2id
263,justinshaffer,"$argon2id$v=19$m=65536,t=3,p=4$mgqGEnV1Wy34jWnEZACzRg$41PdelbjGAch3gryLHuyvqwT70Z0GWhm+kNKgT7q1bw",random,argon2id
264,francisco63,"$argon2id$v=19$m=65536,t=3,p=4$aYAFlozVq+uI6rTxe4LKLw$eW4ol+eyS8lARLFxSLJ9zAHXp8VRVRb6/bV2Kc3Yc7k",weak,argon2id
265,vnavarro,"$argon2id$v=19$m=65536,t=3,p=4$ivuk+cThgjn2mPmjyPlagw$ea3PzxCvQ8sWSx5CPvWjBhY4adALdWcSNXlfdJGpSbc",medium,argon2id
266,lesternicholas,"$argon2id$v=19$m=65536,t=3,p=4$4azUGRoCsoGPdvl/AOB/1w$0CMP4GAfgua7WcGfLGlUQPiAC9udjQPuaRJlScei3TM",passphrase,argon2id
267,jennawatts,"$argon2id$v=19$m=65536,t=3,p=4$u6S7VexsxMqyIcjygIF2HA$i/6STV5g0zUXYhhZDk/CBqzhVmJb/f7qW7IFdMRbcnE",medium,argon2id
268,nicholas30,"$argon2id$v=19$m=65536,t=3,p=4$QL44JD66hBs9gwGKK5rBUA$s7ga2SYaOJgR0jgbxWH9Uvwn4iFU5saKVPR39JNIwFA",medium,argon2id
269,mckenziejoseph,"$argon2id$v=19$m=65536,t=3,p=4$bKBaGRVCxL36ntH7PNlJRQ$1+hS9OCLaaOQV/guBUb2fVjSZHFvtclIUGKkpRyLS9s",weak,argon2id
270,tina50,"$argon2id$v=19$m=65536,t=3,p=4$URTKeoEl1M2mDxspC7rkmQ$+a0sFaa1blDrPYH89JavPcIhZyKwxaiHO/CcW5duEP4",random,argon2id
271,kathypatel,"$argon2id$v=19$m=65536,t=3,p=4$OKWhJzjiPnupYVqMfcpHHA$1feZJgLWTr0ynuxRNM0rlu3yH2LPztvMwRNfvY8AaS8",weak,argon2id
272,campbellmelissa,"$argon2id$v=19$m=65536,t=3,p=4$De2gP0DWRZLe9Ax0vhYSrQ$u8K9shXoh5mIvrcBcXxiApPrjOVostjZ9r6RdLRj3sE",weak,argon2id
273,michael91,"$argon2id$v=19$m=65536,t=3,p=4$7JU6AqeUaS+N8VuxzITr0g$CbM7zVO9+xigtBI8XxM9OZuVjNLi5qvRji69BykNYVA",strong,argon2id
274,gadams,"$argon2id$v=19$m=65536,t=3,p=4$bVRMFFq7VmYgpQroANfXLg$ceaMTJ9/1Ajn4AG0HlYriJBo0Y2TYmQIlhuYdAgfLTI",weak,argon2id
275,kkelley,"$argon2id$v=19$m=65536,t=3,p=4$10XvHt2/woogg9S7HPwcMg$WxC2HKbMoNMYStf6sOHWeg3MmDaW1YuvhrLwlcANEco",medium,argon2id
276,wruiz,"$argon2id$v=19$m=65536,t=3,p=4$r6kSxYwO+7mDTBnf6t/bqA$ioxO5xgFVtG9UpKWlb4hKexssS4ydHtNjMpojZwIj5M",weak,argon2id
277,peter15,"$argon2id$v=19$m=65536,t=3,p=4$3bpIunn+Wraoi2SACMr86Q$BQhDXcsuMjpNFps8DGukcpEJkylNl7nhnJNJONespps",medium,argon2id
278,herrerabenjamin,"$argon2id$v=19$m=65536,t=3,p=4$94abNb9tt3HDF+hImQECqQ$jmJvhN0IAxzWg4J8FAV4nFfjAWA6D2Jkuyw9eSKl1pM",medium,argon2id
279,robinsonevan,"$argon2id$v=19$m=65536,t=3,p=4$Q5mPpoWYngutCJKnzbulJg$KMgyphCCWI8X2UTa+HO81Byp168UcJHvxjiskCxQDC8",random,argon2id
280,johngonzalez,"$argon2id$v=19$m=65536,t=3,p=4$Ghz1cnPpwtJMxM6ZAoF2fA$o013+dwMfklwDof7gj8qS1SaCW1iuZxRsViBl9EdS4s",weak,argon2id
281,djohnson,"$argon2id$v=19$m=65536,t=3,p=4$v1ToZp6fIeOfYfgVp62RzA$src0pDGKy6VlS7fr31XNkFsTCwdWbZp0cdIIBkoJYm8",weak,argon2id
282,willietaylor,"$argon2id$v=19$m=65536,t=3,p=4$oRyrPyMYCM9G8b93DLkVHQ$sfWzQ7wc/ABYd/WXndaXuODHRaLx8vC6E/HG9bqzVyU",random,argon2id
283,nicholasjones,"$argon2id$v=19$m=65536,t=3,p=4$QRob8tFLd8434ZIlmLJhLQ$hjr19y1SNXnVMsWZxpuaD2W5ySucupMO0oNeLHpGbQo",passphrase,argon2id
284,stephanieboyd,"$argon2id$v=19$m=65536,t=3,p=4$xtHK3wbUdUjE8fOs81YX0Q$J2Ad3/PicRnqvrVJh3fE1WZdpWgE++d3HDzLqznxd8A",random,argon2id
285,kevinmendoza,"$argon2id$v=19$m=65536,t=3,p=4$ul1NygiNZgtNLQiqueK4+A$VpiZPjuZPsRe0KnzYGKrvxdeeEAhjXeA/LJJANZXmZo",passphrase,argon2id
286,hillmary,"$argon2id$v=19$m=65536,t=3,p=4$jn3fjPEVBWbAPYQRaL2rww$ikV2RUNjrdyf5JtPIY0OTk51CgLFaFtVn4pl063X7KI",medium,argon2id
287,wallacemelissa,"$argon2id$v=19$m=65536,t=3,p=4$EHEjjf2jMLnLEaxjtY9JJw$/X174lhqFB6UhbrTVGr0Xcaa39kQwEWqnWBncOUfByc",medium,argon2id
288,uperez,"$argon2id$v=19$m=65536,t=3,p=4$REgTVTe+kgtY5bWWKNw2qw$1ruvjkucjMyKS5B7LTsNsT0WZ3MOUmVZiCZ7FenWlQg",weak,argon2id
289,sarahdiaz,"$argon2id$v=19$m=65536,t=3,p=4$LFok3/4Ir3YMBEUJs+OTcQ$Y7eFKICh1Rl3Ru94Aajd9KwxjCi/D4j4rdKemlkn+1k",weak,argon2id
290,buchananrobert,"$argon2id$v=19$m=65536,t=3,p=4$YmEDJYznyDZEDPnU1fFkSw$KIWth7hecQcO8Had+wGfTxGdKeyIuiqqOoc8IAMatj4",passphrase,argon2id
291,carmenjones,"$argon2id$v=19$m=65536,t=3,p=4$Nkzt4RgixtFawEYP9K2SVw$2bktCCh2P4CC4x+fw1NpoSO8kTB0vuPflldxlqWzpPA",medium,argon2id
292,rachelmclaughlin,"$argon2id$v=19$m=65536,t=3,p=4$ajBFJ7QRTecinUvYf2n5wQ$2kON58Nq3FIRLcWlf8kl2gJux55FRWatGVvbBU6hPA4",medium,argon2id
293,troy88,"$argon2id$v=19$m=65536,t=3,p=4$4MHBnOs5TsbXGeRuygfkGg$rTUgsROAS/X3YwEfMXeQW14d288IWA8rpgSNMgJmM6U",weak,argon2id
294,alvin80,"$argon2id$v=19$m=65536,t=3,p=4$abpb2Pi5QWuiOOWfmOj/tQ$iIRr1SRHkie75VF4oNP1jPHMzt5ixNZTmlfQUN3VH00",weak,argon2id
295,ruiznathaniel,"$argon2id$v=19$m=65536,t=3,p=4$0AC+ei3a0aJ9LoWvCS266g$qQ6b3EJGd2G4K+nliYg3d46aUIaCEppLtqMIWaQk7Ig",passphrase,argon2id
296,catherine78,"$argon2id$v=19$m=65536,t=3,p=4$Ng66Y+rZfkhNX+QGcVSM7A$fXIrmS86z3Hu0RqHLAxivN8lHSskSbmMe4avQfanPfo",passphrase,argon2id
297,tlane,"$argon2id$v=19$m=65536,t=3,p=4$ojHbjO9ni2fs/nyFpQMzew$6lg7y3x6D/3nzAvlkBzLk9782h1DR6wM+71sNkgDBYs",passphrase,argon2id
298,xwilliams,"$argon2id$v=19$m=65536,t=3,p=4$3UGwEeIhJgYTv4j+UVon5g$zr2tXnUykzVctuYJd2lgcKv++ezTRqWx0aJCKuQ4mTI",strong,argon2id
299,moorecrystal,"$argon2id$v=19$m=65536,t=3,p=4$B9vliQFOQNjHUgVFE0A0lA$Vj8juApdDNOn9KpLqr3yfwcj3Iy9YjLaQY0CdtfXaY0",medium,argon2id
300,xgonzalez,"$argon2id$v=19$m=65536,t=3,p=4$UgTo2pU263neWzSyHREcoA$udpkU23ELJ/xQ+RRIdIUhWDTD+PIKWpEoAOlD1Ly23c",weak,argon2id
301,uenglish,"$argon2id$v=19$m=65536,t=3,p=4$4gjpLXI7duoq+tBPbNmXLw$Nay/CofTp9w6PlVfhDUeI5HrEF0Z/Qw5h05mMPq7M+s",strong,argon2id
302,vincent02,"$argon2id$v=19$m=65536,t=3,p=4$AxfdaOKzq1jxAWZf3GPRLw$5aGAayLhO7PN7nfiB6PSwIbTyWJU+hTgTbjRTwCs7vM",passphrase,argon2id
303,melaniejohnson,"$argon2id$v=19$m=65536,t=3,p=4$SQmW/n+cpWW/9csHdB5OUw$Y23a+dj5gPSyjHRTjtEFXpornfDybDAp+JvpCZGBtL8",random,argon2id
304,jasmin23,"$argon2id$v=19$m=65536,t=3,p=4$qK3ajdRQpG9gOk60AbIVHg$KtpyCWIBezhSFmStvW+DRz2Jy2aSCRjquf4oHa3fBMk",passphrase,argon2id
305,tammy45,"$argon2id$v=19$m=65536,t=3,p=4$UonPhhuysuXtLqQPuW4fFQ$NYVRl2y8FTW37rb1roTGUNi3my1CgIon+GKDca5RBUw",weak,argon2id
306,sanchezmatthew,"$argon2id$v=19$m=65536,t=3,p=4$RdnTZB5cQbbCbWif/rojxQ$RjG73b0KDdPyLTNRW0f4bOT6atMGPiuiC8CfwyruUVg",random,argon2id
307,courtney36,"$argon2id$v=19$m=65536,t=3,p=4$QWbgEdYe49RwZJ7lKsZSWg$ftyrgItEc5qPTGOz4FwYfFkqDllptqOlZlmqzauPVcg",medium,argon2id
308,bobby08,"$argon2id$v=19$m=65536,t=3,p=4$1FBC65pk7Siz7AUG4D9hgQ$JaUT/k4T0BcJpW9WSERr3QW8diIFqMor2FgVxnbofe4",weak,argon2id
309,boyerdavid,"$argon2id$v=19$m=65536,t=3,p=4$HsyodQaHFSwE8RV4YiyekA$U4j6mHqmpa248+7E1QBWmSD4w+GSXeYg8Y96hHjrD2Y",strong,argon2id
310,hcarter,"$argon2id$v=19$m=65536,t=3,p=4$gm0miBx1CBwLDZYbwGlbxg$9bFvqGUsS98qjkA0r6cE1rPPHYRzZ3NwNKPxMIq8cJw",random,argon2id
311,michael85,"$argon2id$v=19$m=65536,t=3,p=4$3mSnG0dKSxJWwMw4t3UGNw$s8307F3lon+NmGojqxivcbA+0Zhqvv1Zuc2epkVgVeo",strong,argon2id
312,rorozco,"$argon2id$v=19$m=65536,t=3,p=4$tr8ezv6AxxDLOOSKYlmgGQ$ECA6bkHBByTorM0pELyUuRkQkzFDArWz7R8c0ZzAGqU",passphrase,argon2id
313,rwarner,"$argon2id$v=19$m=65536,t=3,p=4$k/eFD7pZgV4NVA+ftUsG7A$WdkUgROTTe2WbqmIhe2j1OqUkIb9XhzrQuMXV7TFS6Y",weak,argon2id
314,oconnorrichard,"$argon2id$v=19$m=65536,t=3,p=4$yKlQip3wzLkmNGpAzV+3Pw$q/YTcgmspoD/ViZdTPHfui6UkdbCpY2HL0e4Trt+WOU",random,argon2id
315,victoria81,"$argon2id$v=19$m=65536,t=3,p=4$xIJCLYOgf5+JDy/Jt1A7BQ$HJxQYSVOZelK4GEvie8KsN7BEXjCKsWB289kHcWIDHM",weak,argon2id
316,sanchezalyssa,"$argon2id$v=19$m=65536,t=3,p=4$2VODnyu3KmYXuGx47nOPoQ$F8nXFvJKqwjk3/t0v3S/OfwFSzOFd9EciomnsLVZnPc",passphrase,argon2id
317,walkerjason,"$argon2id$v=19$m=65536,t=3,p=4$aBQ1IM7+6fIK/aEc4uVhEw$HIuUD+kRnZmxwJlCch/V0TZnqE/1wZKizCbC0YUu9F8",strong,argon2id
318,jli,"$argon2id$v=19$m=65536,t=3,p=4$K0Dg/WibLYwQxcfM3AeyKg$+7cO/3ABj3b+g1i+3JjOutGY//Edmrx1JFYwwlXerPA",random,argon2id
319,kevinrussell,"$argon2id$v=19$m=65536,t=3,p=4$hG8r/0NdJ3VJPnZseOlY3A$c8DbcvRxKlr71DBuiWvLUzcYSp/mPQhJpGccLlueVaM",weak,argon2id
320,diana51,"$argon2id$v=19$m=65536,t=3,p=4$96o8RQR16l0IJBHc+8p+Mg$FtqffJtUUC7xm0Tlepoh66MebbKwwAVWpdceOTFfXO4",medium,argon2id
321,timothyjones,"$argon2id$v=19$m=65536,t=3,p=4$UVxr1nNHyrONMw5L2+IZfQ$WEiTttXHKfX+DnQs9I0+Q7nUDBEAUtYuyfFfaxr9Zeo",passphrase,argon2id
322,sandersmatthew,"$argon2id$v=19$m=65536,t=3,p=4$0pTCaSWE3glr2WdtJZD8Bw$0sewNucuWjaSwi3BGgzh35+PB0PlTY38WlUMECCJdY8",random,argon2id
323,mitchelljennifer,"$argon2id$v=19$m=65536,t=3,p=4$+LmuELUkOiuiXTXlG/fquQ$a3vkVYVizOW3Gi2rNZA7p7j+7o6xTDCjLUDnpVgGoik",medium,argon2id
324,william07,"$argon2id$v=19$m=65536,t=3,p=4$gKEfkFjAkio6e16RItTHzQ$EvOE9GaRADy0YM3iZ4mz2v3lWX9y/lvhS9TKYHLITPo",weak,argon2id
325,thompsonchristopher,"$argon2id$v=19$m=65536,t=3,p=4$TU9EtCG6a/9rraYPl5Wang$zmrvG63cSt4AHSCGXmOme8gfwXL7Ecvck/UMk/ehziI",weak,argon2id
326,robert46,"$argon2id$v=19$m=65536,t=3,p=4$t+HuOSUJEHNhsoX0O5vAbw$h2HKMLWgXhNEj/yI3iAQ8TgkOqtwXZuirTcj+XJS0bw",strong,argon2id
327,mendozabrandon,"$argon2id$v=19$m=65536,t=3,p=4$puPG7NaN5wRNU6JmqoINCQ$8lXvXTuR26AcCMGqAmNg9KOh3/pR0hDfkjaWoT0WpAU",random,argon2id
328,grossjohn,"$argon2id$v=19$m=65536,t=3,p=4$2lYqoam5tDRVDumV0jT2EQ$q0PO/gd7B/EEmNQBnpFY/XfRRHpkQIb6DQJUI57oGL8",medium,argon2id
329,jonathan43,"$argon2id$v=19$m=65536,t=3,p=4$E8ir5m32xKW8CocOWFxn8w$id8UI0WIaQTTT/lm2bsz/dk4GCoH1O52KcWCRnemYjk",medium,argon2id
330,williamssonya,"$argon2id$v=19$m=65536,t=3,p=4$5hCIHMM1FYJXjqynGAR5Yg$9XrHx/4DwVK7/MB2+4f2HoK+5SN4ZurJpQS+lXyskIA",random,argon2id
331,jason55,"$argon2id$v=19$m=65536,t=3,p=4$1t5mL4Jkf+EFa2qD38WG2g$byIwZLW0RnlEy1gwZVHyMlb57YQ8md3lR/yKvW/BAok",random,argon2id
332,yroth,"$argon2id$v=19$m=65536,t=3,p=4$myqv66ZQwBtvMX9KQ7H2lg$4MY3XBf9nR9AHjqiD9ilOCVZdpPGIlNkkw6pukD/dAo",weak,argon2id
333,brianallen,"$argon2id$v=19$m=65536,t=3,p=4$/j0m7NEIJlmU+0aGO5sz1Q$o6uIwT3L22Vp8nhtBE4P+npcYudp4j+gj/EQmsOkst4",strong,argon2id
334,tina53,"$argon2id$v=19$m=65536,t=3,p=4$zmIntfqyunkxSEvhPqq8kA$tq8F3NIA165Mk0wHaNS0UN3tcrw2py3Z3E2xvufo8V0",medium,argon2id
335,woliver,"$argon2id$v=19$m=65536,t=3,p=4$gZbNK6/IG6wqiZwlFqVOUw$/zfRy2fWGpr0Ee+Gv42AhW7eHqzrdywi5MnIC80fZWk",passphrase,argon2id
336,kevinmartinez,"$argon2id$v=19$m=65536,t=3,p=4$a9Z8ktjyKsIeRNy0zEXctw$9FWAuRsKnzpEyD0GFUKeFEdgW8XFroQmELB9QR1l5ns",medium,argon2id
337,kevinbryant,"$argon2id$v=19$m=65536,t=3,p=4$Lk9b4VLUAfBIauEibwEh4w$aeWmw3XR9TOagle/6BD3RW1oweR0xNVpK1yIrwXoosI",random,argon2id
338,morrisjames,"$argon2id$v=19$m=65536,t=3,p=4$T15mwLbn6CtdAzW+uhpqog$GrE/PHsPLt5KZtrg3i7Sc7pjNJlI9tG0tf3/96VVkgc",medium,argon2id
339,garmstrong,"$argon2id$v=19$m=65536,t=3,p=4$v+ZIl1kaWU6Q4Yh1Lp6LMw$xfJEAfQ47aSOfYmLXnkhrB9S8NpxoZZdTJVdRRZa13A",strong,argon2id
340,thomasosborn,"$argon2id$v=19$m=65536,t=3,p=4$ewh+ferWP5VyFn/2Gmhtgg$y5I1kjIaVOQsGJx4sVnOiG2A9egGzZYSch/owC76QN8",random,argon2id
341,shelly13,"$argon2id$v=19$m=65536,t=3,p=4$U5a+bfHtxjkSzOW0W0v6xg$3gU6T5sVVpr+abRW/yPc22/Fgd3ezN39zgswWNCWKh0",weak,argon2id
342,nixontheodore,"$argon2id$v=19$m=65536,t=3,p=4$vRwAYVArmJItRJo8wrsyyw$2WYHyyiDQ7ntoAk9H6jyBobRsHxyjQZ9yx27nwf3DnQ",strong,argon2id
343,amberaustin,"$argon2id$v=19$m=65536,t=3,p=4$LypkW3sX/Z2LtMfx1iWnaA$usrDUZF4sFxolaRivHsesGeSyX0PXXpVNlhYD26xFpY",random,argon2id
344,richardgallegos,"$argon2id$v=19$m=65536,t=3,p=4$ZFKE9KDrb4jOPJ69ka9NfQ$GyovVoWOvqITx9jQVq8/oCyxekkAaDABwcRHwrWBQUU",weak,argon2id
345,stephen54,"$argon2id$v=19$m=65536,t=3,p=4$KkGIuQ3I3ssts+ocOsjVkA$GI60qE+fqxUGUVoJN7gSJ3OwDXdH+HZiWeNszpGJzsM",medium,argon2id
346,jacqueline26,"$argon2id$v=19$m=65536,t=3,p=4$QbuFN+kw+/6lo7v23nv1vQ$dyiqKCe963ClvWjn8TEQ47+y3CC8ynsPgM2uiY+yhoY",weak,argon2id
347,owensmegan,"$argon2id$v=19$m=65536,t=3,p=4$ZvOV/y2nJOx9/sltk86h1g$XBE4c1yg3ttbw7rAY6uI0udDNX/SKHPEm5w9JRdVSZg",strong,argon2id
348,rodriguezlisa,"$argon2id$v=19$m=65536,t=3,p=4$+rqBK07DRtjZ3matwt6SLw$HkVcvTqFs6B4WHjRmBUe4b9wGYUqMnphgyROR4aUPO0",medium,argon2id
349,josephgreen,"$argon2id$v=19$m=65536,t=3,p=4$WsVCq633xSVuPB82Pm8vHg$m05/qLcz2Q2biYfOJ72vvkClwqPpw41ehX/+2VXqbDo",strong,argon2id
350,tayloraaron,"$argon2id$v=19$m=65536,t=3,p=4$zf/x1BoQexG6skWLM8wGuQ$AbbD84/zRCqgbt8PTLMmQ2gEMDsyN/yuDDDy5hL74m8",passphrase,argon2id
351,lindsay80,"$argon2id$v=19$m=65536,t=3,p=4$0Jrd6CGAGAftnNf7gGGLCw$PmeYiy5IXK0D1TJqiusrqOACQmc+EIAJDpxx6CY10z8",weak,argon2id
352,annettegreer,"$argon2id$v=19$m=65536,t=3,p=4$rc018TaQ/FQE+51i7vD8cA$nOsefUJwsaP+uKqKfNY/Ipp+/xlF7/Z+OmdlGVdBDC0",weak,argon2id
353,oshannon,"$argon2id$v=19$m=65536,t=3,p=4$zt+CLCtuhErCLPP40HyTtA$7/baSXNTjF7Zf8GsbwdweGKUeVZ7sZfGAQprOPjzJ0o",weak,argon2id
354,brownstefanie,"$argon2id$v=19$m=65536,t=3,p=4$ypyIBQfjdAVNUmhcgXgChg$82vMiKvsx2Inpv8dc1igKyuDDgOOy3DGk/0grVU6h/Q",passphrase,argon2id
355,nelsonbrittany,"$argon2id$v=19$m=65536,t=3,p=4$/32gaAlHHrqYbEQipsh37Q$Mw2okiyd+Stphpdex+WO+63y+Zf6NlKBL/1506Jrygs",strong,argon2id
356,htaylor,"$argon2id$v=19$m=65536,t=3,p=4$mUYgfqBVVR1k3SYEKSL49g$JtYWsHi9a9eTWVYhxyIcvxVInSHJQ1zDLZkHmKIaivo",passphrase,argon2id
357,paige38,"$argon2id$v=19$m=65536,t=3,p=4$Ki5aBnNGVRo/3XYqASFSQA$211nbZGwIfFj/RToagFOmDoEnRK+29Zl86+EwgdROOw",passphrase,argon2id
358,carolhunt,"$argon2id$v=19$m=65536,t=3,p=4$g95U1VSEAhFNCGhE01HZYg$igcTnNUi+5+mk8rVSjPZuyVAZ6/M4fQztYsYtFtnM90",strong,argon2id
359,richardellis,"$argon2id$v=19$m=65536,t=3,p=4$A3r1nxsJVjedxe0NCvWlxA$aD9KTTRxs90I+VeO006AWeNZ2KwCQt3iGr9ZFP/M6Rk",weak,argon2id
360,castillotiffany,"$argon2id$v=19$m=65536,t=3,p=4$46lYvUxwWs50DlsUn343uQ$BZdFEQvOkc/YU+yPG2IWnqQamsndj2XBfV2BxUdO++o",medium,argon2id
361,austin35,"$argon2id$v=19$m=65536,t=3,p=4$8g6bAjzztfHP18w40GisVw$soVqxlxpAcVNM2e001oQMKRkHyTWoCvbjXBNfUMICE0",medium,argon2id
362,katrina36,"$argon2id$v=19$m=65536,t=3,p=4$U5xFapuoc0loaYi9W1PlCQ$WAz9VR+z7NwZZJpj8K5XE1zeUcguMwKBvfVXEUzKGPk",weak,argon2id
363,nicholas09,"$argon2id$v=19$m=65536,t=3,p=4$Tt8sqsZNi9+QY5ia27XFAQ$qVnOJjfMry5xvm4oiVanmsianbyTQmviSmlggSxRnYM",random,argon2id
364,cookeeric,"$argon2id$v=19$m=65536,t=3,p=4$QYvjVF5OD8uC6Kf3+SzmqA$osVvHFg/gtf3C3JghB1uhap4aNxsNHPkC4W7vEQA1kc",medium,argon2id
365,wcastillo,"$argon2id$v=19$m=65536,t=3,p=4$frfRZmFUv/xyc2YUqmi+ow$yBIcoMSMcfj/FiukawQLoBxKUicd9f/AiI0U6L4DVS0",passphrase,argon2id
366,armstrongcynthia,"$argon2id$v=19$m=65536,t=3,p=4$ZaTNarYM6pO160RJeLsonQ$xOo8nJqOPPuY7GeMQSE04CZQ9i1Iont0qwV8Q1DeXuo",passphrase,argon2id
367,juansanchez,"$argon2id$v=19$m=65536,t=3,p=4$iwibKTzRMJBpGY7RDBjV9A$jB52TF3L9NywX7QRw3itrmSSnSqYew86C/yPIHrbL9Q",strong,argon2id
368,carmen95,"$argon2id$v=19$m=65536,t=3,p=4$H2ojeO5RhATAVmzitS/zTg$SIs4JhbVET92pD4vvEpuSDZXNI7Pii9mMQN069z+7UY",weak,argon2id
369,whitneypennington,"$argon2id$v=19$m=65536,t=3,p=4$UUpNj1E9Rrd/GSGXfLFjhA$cF4k1XjD/sbyqJ9l/rm8GlP3Zl2TJjqlUdX9VejjOAw",weak,argon2id
370,jenniferortiz,"$argon2id$v=19$m=65536,t=3,p=4$XiOG5ZXBUwj2iKJRqwpqjA$vAHhjFe2IwHQqRXHqO+tZpZymvi58X2a2PwoPceiZt8",random,argon2id
371,brownmary,"$argon2id$v=19$m=65536,t=3,p=4$hMcVGBGGzH2jN1CdYzIYSA$uotXcTNRLxfdYIr1VA9Gbr2RAaTwF+j5XfjVYlZy+n4",passphrase,argon2id
372,cthompson,"$argon2id$v=19$m=65536,t=3,p=4$EnuItc81xELEX8YIpBRr6w$WJOcwohJzZNOfO8O+SbBGfLcav1QhbcdoTKCiwrqe0s",medium,argon2id
373,james91,"$argon2id$v=19$m=65536,t=3,p=4$lOt2SpdmRUbF00ZpSZbCWg$vMNR0yI9Dy9H9KLAFxU90PSoO081Hhqx74jzH/EbCm0",random,argon2id
374,jonathan18,"$argon2id$v=19$m=65536,t=3,p=4$oV5YUDzFQrLB7MV1InEYVA$blf5d+s3MpXPhJlPaUKxVOIkZ2rfbxvAx8ssDU0C6kw",random,argon2id
375,xrosales,"$argon2id$v=19$m=65536,t=3,p=4$d0g/zQq62KFqYLWmG2RisQ$gLgX40o+25ZwIihEzXru0n1Ju23sidoBq2RknmKGqL4",passphrase,argon2id
376,vwallace,"$argon2id$v=19$m=65536,t=3,p=4$LLA1ooiXXTkMmJD/6u74FQ$vPN6fOgHolCYz9PDceC1mz4LpKtRZxWqhdxFk/awRaA",medium,argon2id
377,whitetina,"$argon2id$v=19$m=65536,t=3,p=4$atqqmNVlrwPwkn5MtgBunQ$0NLSOhPc2kMmo90qOYkgp5QhP3g8mWDJbG6CDUJiX80",random,argon2id
378,marcus91,"$argon2id$v=19$m=65536,t=3,p=4$/1DdwnCSDOPR/sLU8HCxWg$+zmgChPBxzLPolG39jSTM/+huACZyzN8lol7vKpUwCY",weak,argon2id
379,christopherjimenez,"$argon2id$v=19$m=65536,t=3,p=4$tttsNY0Udr17L6c2RWf+Kw$Tsr1H+3I5eVC57asw8Y/f6i7ndeX4ohJxYBc1w2jd7o",strong,argon2id
380,greenlisa,"$argon2id$v=19$m=65536,t=3,p=4$xunkP7HN+iSEsDbHi3EZtw$daRjDTz66Ge5wAvSFV9OB720Z3Piv+eePt/wwFmVtAU",strong,argon2id
381,khoover,"$argon2id$v=19$m=65536,t=3,p=4$GDlG7Zr16HIT0/TDGPJiXw$cxHiyNzp3CQ41dROGFhRa2Ya+zWmfBnZDuA2KUZSyPE",passphrase,argon2id
382,zparks,"$argon2id$v=19$m=65536,t=3,p=4$RyNYDna9KMj1uh110xhYRg$loDGiH/pEQDpbAtmc/z/n0eNCGUN5JGPb2jJDRIXys8",random,argon2id
383,john57,"$argon2id$v=19$m=65536,t=3,p=4$DYqZFKZMo9eWMSllfht01w$0M4X3R6Ub6kP7wRZX2EdbbnBYOPaEWveshPdQdhmm20",weak,argon2id
384,irivera,"$argon2id$v=19$m=65536,t=3,p=4$0SlTvUqSsRjd9LkttiMnFQ$fyO6iSMJTRjMeBg3rNp5worBYXx8U4SKI6PPyHNxa2Y",passphrase,argon2id
385,sherri80,"$argon2id$v=19$m=65536,t=3,p=4$wyhPYEwNpbFnN2SXhcLA0w$SOgO3nezHgxBw2FHDKgr+M6kYkeccL0DDut9NVI3Q10",random,argon2id
386,mgoodman,"$argon2id$v=19$m=65536,t=3,p=4$QpanozVL9okGJYcyllyjFg$cgnvAGxrT8aSaYRx1kkUKwyCrFE1xjG0lHLdw4W4kqs",passphrase,argon2id
387,sharonmoore,"$argon2id$v=19$m=65536,t=3,p=4$ZATZZY+RLKEC/kIhPhXIKQ$szNSodUPjqC5shpRqsMFqFfCci700Vga06LWYBty2+8",weak,argon2id
388,oliverbrett,"$argon2id$v=19$m=65536,t=3,p=4$MErt/IHthzMHwwLyCSnxGw$w5CfhtRZE50WhKrpwvR6/zcmEEY7RL0jneJ54Rac1B8",medium,argon2id
389,samuel66,"$argon2id$v=19$m=65536,t=3,p=4$uvtfjNFhqY3m0U7hlJ4t5Q$D9t0ki+Ae6vwAcwQDn6VkURbpE5JVrs35UmEVDZiVtE",weak,argon2id
390,rcherry,"$argon2id$v=19$m=65536,t=3,p=4$VL5+v3qP8pdy15TBY74P6Q$DN8e9kO2TuJ6xlCEq38JQ8skCQsdcB+1zv+qb6/2X7M",medium,argon2id
391,ysmith,"$argon2id$v=19$m=65536,t=3,p=4$1+GOk5KXTQnPNQ8S9Q0qXQ$CJ7ixr/UzIdu6tGogKcIweqmrW4mrIiIu3/j8f2OZPQ",passphrase,argon2id
392,roblesshelby,"$argon2id$v=19$m=65536,t=3,p=4$MA1bPuTQH1o2R584ZfsAJg$gdHwJJQarrJ9VsGavtzg/1jVdNOyfmLW3d74hdcIlcw",passphrase,argon2id
393,christinaneal,"$argon2id$v=19$m=65536,t=3,p=4$+PdppeI2PHeGO7J9idPAZw$Le1MzlEv8ZjcMR9Wr5/SIyHQNqxCrKU3Vo9C+CnsLRM",medium,argon2id
394,gardnersamantha,"$argon2id$v=19$m=65536,t=3,p=4$qH/PYzOraNYyfN4SKsVgGA$JCur9fZGH2NHYJVP7lN05L4JXxdChPF1se07NeK/DiI",medium,argon2id
395,mckeejulia,"$argon2id$v=19$m=65536,t=3,p=4$A+LihRnyveEsNQi8aOZCww$BqSnld9R05M5m8LSSHj7H9wYLvUDOCFBHFYsD6aQBmY",weak,argon2id
396,katieelliott,"$argon2id$v=19$m=65536,t=3,p=4$tiZK6i3R/DtL/dnyPb9DnQ$IEZtuV7WextVx/48AgCztgSYJCpODgUWhVkqKRpX30A",random,argon2id
397,bwells,"$argon2id$v=19$m=65536,t=3,p=4$13JoEn9ZKAHmxN1HpEBm2A$DzWiUtk0Adp5gY9tQjebcl1JX47EMpHqCuteFb8bVC0",random,argon2id
398,williamsontiffany,"$argon2id$v=19$m=65536,t=3,p=4$WG44iJ2PD5TEIAdOcpjoGA$sUSO1tBv4SZntMSSTvUlgM1w2R/s9MZtAsOo84oxSMc",medium,argon2id
399,xmiller,"$argon2id$v=19$m=65536,t=3,p=4$zbvdFfZMQeUO7d6Ss1LdtA$SVQmNNXv7OHbuFCc/Pycmzmhifxiowl4Hgp4qnMmXME",medium,argon2id
400,christopher24,"$argon2id$v=19$m=65536,t=3,p=4$1S6UZqLAgfzLg6dCqhaGYA$i4KKkwRneziWuYpRTiiSTQabT6PbxIdUnxV/VEvgNxA",weak,argon2id
401,robert17,"$argon2id$v=19$m=65536,t=3,p=4$sQah5cx0D7q3FICDuEShUQ$iKnxixUQ6301Oo9/GnqrqrnYKUbT1ugu0ZkDLYb78wk",weak,argon2id
402,timothyobrien,"$argon2id$v=19$m=65536,t=3,p=4$cytfQA9fvtf207gj03hW3w$YcW7YqFTDAm43z4AutZxdxaNaorILzaFatcZ9LLjzwk",weak,argon2id
403,jennifer76,"$argon2id$v=19$m=65536,t=3,p=4$nRjtfR5eTyFRd0Ny7bOYAw$NXZSGQX7oeMR5yre9+Z9x6e2ZxemwNxzMq78Yl/XSdI",passphrase,argon2id
404,catherinepadilla,"$argon2id$v=19$m=65536,t=3,p=4$Af2H85qA7KkqBjj6anomtA$TvlyG55km0hKvjW4pzFL+TyQ58/PJoCeOpMJtZx+j4A",random,argon2id
405,cindy71,"$argon2id$v=19$m=65536,t=3,p=4$Vo6wJ4Rh571R1nzAuq0HMw$8lTzjumDlsWqFcoJEWSlVBo+PyUV46A+nJ81jkyCZhk",passphrase,argon2id
406,alvarezpatrick,"$argon2id$v=19$m=65536,t=3,p=4$6nYJGk6K0aW9rf9AYnoCgw$uF9CpuYdVJCu6uaDuHSgjGm7iDyUqtvGfdjUVrZ8H4M",medium,argon2id
407,rodney88,"$argon2id$v=19$m=65536,t=3,p=4$iSB+jvkeeaWeg88KpCRgWw$gB/KCatFh/hYb+zRjtIPxwTQHu9o4tT9PFlYrEBCBcU",strong,argon2id
408,ipennington,"$argon2id$v=19$m=65536,t=3,p=4$CRQiVQgAvBtnSLfiI4wyKA$aVyFAW4fnJG5QdkMhrGHcT12rVfkrywXsLGjKlh5zts",random,argon2id
409,colleenwang,"$argon2id$v=19$m=65536,t=3,p=4$+UNwGEXFHQLwK70CGlV98A$F1pHeuzTLq3E3hDTpwG3EO3KnapnLcUJobvhbTVO4K4",strong,argon2id
410,shawn99,"$argon2id$v=19$m=65536,t=3,p=4$ZMsEK+sdm4RFfWZ2V8B6dQ$AdynD4vL8fh9u0rcz6JEUqXIWesbcaC3etArfQHtgiw",random,argon2id
411,daryldaugherty,"$argon2id$v=19$m=65536,t=3,p=4$sPup8Mq2GJWyo3YDV92Smw$9oJ6yiMFG6S6CkqOOeVFAIalLRBZ4inUwvlrxm6LjqU",passphrase,argon2id
412,aliciamartinez,"$argon2id$v=19$m=65536,t=3,p=4$yFyc/sqTy89w8IPAnRK4+A$nHvmW/BZRUUrp+tskAJBjAamVOgB6qfsY9gvDkIMclQ",strong,argon2id
413,danielflores,"$argon2id$v=19$m=65536,t=3,p=4$o66wAytN2sBNVK7/Olv0kw$Iuqvv7exS8yoLW3QGwiZndPzarNAPNcWBbL4vg8XpXs",weak,argon2id
414,sharonwilliams,"$argon2id$v=19$m=65536,t=3,p=4$R1HbkF0lvVv9VLnnNTKTvg$hktJkwF+c7IxLYvceBGXjkIfvPuRYuQkgksE4eM5vok",weak,argon2id
415,matthew57,"$argon2id$v=19$m=65536,t=3,p=4$zMu2Te6XSCzltu/TZ0JX9w$XFT5q3WuMQxX55omilsp40gpzBfVvBSdt93wOeBR7DQ",random,argon2id
416,calvin20,"$argon2id$v=19$m=65536,t=3,p=4$6db23jN7eOcjBD5Inhu1zg$lT+GGkLOgc7bni5C4Qf+Dl1i0yEgeqT68XZ0gUEPRak",strong,argon2id
417,fjenkins,"$argon2id$v=19$m=65536,t=3,p=4$k943cBBFNRZeJY39I0/1mg$3BWrDTYQyF3GSiKr3WbNDdcRfA0p2wRg2UqbUeC65Go",random,argon2id
418,mcgeebrandon,"$argon2id$v=19$m=65536,t=3,p=4$jFHN3PIOwkSS/gvAK4IJYQ$u+Xl8/l24a4Mh0qfPrUlayr0VeQHHzsobF5uILwBNfY",random,argon2id
419,lcastro,"$argon2id$v=19$m=65536,t=3,p=4$VaeG/fCy2KbSkO63uGerIA$C7klsRAk0dAXWjpHL5UObpnhRKQfsAQOSLbx/TtBaM4",medium,argon2id
420,bill80,"$argon2id$v=19$m=65536,t=3,p=4$SwoFiHJcuGhkqh65foGgcQ$xDz+OQGSjVYpKQ23+6ZeBLpcRc0qlOe2VTM0qSOdP6o",random,argon2id
421,hilljessica,"$argon2id$v=19$m=65536,t=3,p=4$r9CtgiRR9osEgNLVZMtmCg$6sH5V4hBvwPw6l2ON+hpksvqWLX109FQW1J5Krot5g8",medium,argon2id
422,sanchezamy,"$argon2id$v=19$m=65536,t=3,p=4$IugHR4y3l7nxFntNVpqyCw$A56fxjom+9sTzKyUhxSEzJYbP2Bij0z/hT7/nSX1eQI",random,argon2id
423,robertsdenise,"$argon2id$v=19$m=65536,t=3,p=4$P0T5Kx5fGWc5azCh5wiRfA$PUGWi64/KgKcnMjnk2D3HaUr+PexQLUaWk/ttAfEoDs",weak,argon2id
424,holly08,"$argon2id$v=19$m=65536,t=3,p=4$u5o/it8J3M5llllyvEAI1A$N9ST8mYzwO6oyQaUoJ+U7NFKZn/B7oFMPfABe8ck8dE",medium,argon2id
425,pwalker,"$argon2id$v=19$m=65536,t=3,p=4$DLSzxtGsJeJVhXqJjgMlvA$DR+NndykQIYH+iLTZqzt6fVw9StoNdz/Wm60+tPMEPE",medium,argon2id
426,melissa28,"$argon2id$v=19$m=65536,t=3,p=4$mLRE1BiOO5P/wJAnFN3elw$PzgTmolUkv149gyNVe7mNpqw7A3CDXhvs5PE2y0Rjt4",strong,argon2id
427,xhill,"$argon2id$v=19$m=65536,t=3,p=4$IdqigH6k2T65pRdNHrugrQ$Fd3EvB6TRSU98pf/pPHFoxF3E1k9Ks5dL06leyFYTaQ",passphrase,argon2id
428,thorntondavid,"$argon2id$v=19$m=65536,t=3,p=4$TDYUKC6FKXJUmyQNKQ80YA$xp0ymQXxofP89xZF7oIxb8fgWL+XuqsSAP7B1JJ56/E",random,argon2id
429,tmcgrath,"$argon2id$v=19$m=65536,t=3,p=4$NnykFovQhEwT8+7ju/yolQ$WLnp47bo39GxuQZGDB/v6bcvv0X2lZalCSNLxBjT71k",strong,argon2id
430,katherine31,"$argon2id$v=19$m=65536,t=3,p=4$4PupmNLhRy5OSUt26/Hp/Q$uFqguR0C5a9Yk1dLF1eXwBDQW+NNjW+XBRTqktIa3E4",strong,argon2id
431,tcase,"$argon2id$v=19$m=65536,t=3,p=4$zszp2dUGSmSI1eHiJZNRvw$0DK/C4jIdR1cF1GHqRcXY5OJuRoapsefvjTwT48DzTI",passphrase,argon2id
432,marymay,"$argon2id$v=19$m=65536,t=3,p=4$0HbxbpwrhxdSnjrc84Ne2A$lCnS6DggOp3CJtmFIMyjRUGeqMChsdJXhwwZxA3UQVw",passphrase,argon2id
433,xschultz,"$argon2id$v=19$m=65536,t=3,p=4$DZnM0j51cv5sANtOdoCYsg$ifFbY/2VRgOiEDc/bfs68MRmp7E/Sb2kYMKVMW4DDEU",strong,argon2id
434,kbrooks,"$argon2id$v=19$m=65536,t=3,p=4$kwfH10/YB1ldwhaK6FfNqg$oETO2DlolJhZ5TfU/EgvTOX11ImPX0rTMbyzWEvWTZQ",weak,argon2id
435,gallagherjose,"$argon2id$v=19$m=65536,t=3,p=4$9MPGTH0vBi+0OAgTasaXVw$rFjjVBILbpMDexkKb3h5iQWqd4wykyVY5naZg1xix90",random,argon2id
436,lauramartin,"$argon2id$v=19$m=65536,t=3,p=4$jgg7ZkOf0dT1kBKV51xGtg$VjXX5wWPeihslVC3k+UgRKcEf/34KQlvXhmt9rJ8zNU",weak,argon2id
437,brownmichael,"$argon2id$v=19$m=65536,t=3,p=4$B+NCvDBBNrQy5nVW+kErSQ$8vKd2rol5fmVwVh43IMkxr+evoIzEmDvrKna4aRkjCg",strong,argon2id
438,shawn19,"$argon2id$v=19$m=65536,t=3,p=4$gl2erSLu1qHY45YqQoSAHA$9JBilOxjqpRb11ueHITUlGYlCdodJqhc9uCkdhLG5Ow",passphrase,argon2id
439,rwilliams,"$argon2id$v=19$m=65536,t=3,p=4$4yQ4rnGubAD3SziPaouyuw$zwxkJZ5/NjnteVweClUvhJ36y1Nj9JonqT8hXzTN2bk",strong,argon2id
440,kristencharles,"$argon2id$v=19$m=65536,t=3,p=4$/qioYopN9tcN3nh/8TKbxQ$NcFnFai/hwMkgjgE3Tgu49qaZ1EdvvuMHR6Ty+XfEp4",random,argon2id
441,evansjenny,"$argon2id$v=19$m=65536,t=3,p=4$LXvgOCqax7SuQa/r/qGGgQ$9WSnZY1XpMMUn1dJbUm4dkeSkphs41xr3kulI8NSiVw",weak,argon2id
442,shannonpierce,"$argon2id$v=19$m=65536,t=3,p=4$tIAMXvmqggozofbEsI6JrQ$rJsFUgYcHEaaTLngUiae/GDO658P2xNPGRwwns4ktYs",random,argon2id
443,hubbardmaureen,"$argon2id$v=19$m=65536,t=3,p=4$YhLYLULmhtntbuWZ+vpE+A$sb7DNquLUmWQrpEf3CGS1MMOSvA6A/X1ERskIOXI50c",medium,argon2id
444,michaelwallace,"$argon2id$v=19$m=65536,t=3,p=4$47lXImfOFm1aJ8lCP+vmWw$5l5g8wQ7nVCz+oPpELPMGEIK57Jx/zN7v2SdwHMHYPY",random,argon2id
445,herrerasamantha,"$argon2id$v=19$m=65536,t=3,p=4$1rwF7Y/srQGNa9O2WCWpbg$wy0UJpzy/o+gmi70ATu1dJP/KUfHtvH2kxXCIDFN+4I",passphrase,argon2id
446,mannmaria,"$argon2id$v=19$m=65536,t=3,p=4$j7Dm1KBVskHJ7xsd6eFp+w$KVLBg+NgxYf80NPLtwlxDpwLcfldSSdDAnqnDglaL2M",weak,argon2id
447,larrycruz,"$argon2id$v=19$m=65536,t=3,p=4$n8017FiMSsSNM1DKIlYwRg$vgtkblHQtGubBbZ8ZYNCarY0XPbXdD6hxNXxKxdIbic",medium,argon2id
448,andrew80,"$argon2id$v=19$m=65536,t=3,p=4$FelI7Wlbhw1DgDR7I516EA$5tLX0iignsjzH0mVf3yPeR5NM1OFChiRGh/OIlGieEw",weak,argon2id
449,toddpeter,"$argon2id$v=19$m=65536,t=3,p=4$6qLLVxOpd6pzPX5dsBnfgg$0Uu7MgSthAZ54coJYMmrauY7X48RyF4NuqiG9pZFmSg",medium,argon2id
450,brookeadams,"$argon2id$v=19$m=65536,t=3,p=4$MbcguAurfn/opHsfkG70bw$b9Q6F3EllmsCxP3farHeIanrPtCziW1OjUu/Zf4O5jA",weak,argon2id
451,edunlap,"$argon2id$v=19$m=65536,t=3,p=4$sOLgQhI4T4YBd5lKNupdcw$oKuvPSIh7AhOazKqiI6/bcsKl36dL1CRPQ0iZi8Y4wE",medium,argon2id
452,xgarcia,"$argon2id$v=19$m=65536,t=3,p=4$yK+KDd+F2hwkYCUvsdsehw$sPUkd02+IWt9pH+lgi3NXm2AAraGfe4ibOXfbtJb91I",medium,argon2id
453,jburke,"$argon2id$v=19$m=65536,t=3,p=4$AjhKfqARqv+DA66PIHUMvQ$HGzoUmc726k/6hONgo0TtCTjRnZEGd6OYXzb1WhwAK0",strong,argon2id
454,jennifer09,"$argon2id$v=19$m=65536,t=3,p=4$/MsyG93VeIrwdYJZumX++w$7MC6Iyiu1mxlKSW/Uin/YFRii0FO5zOydfhuBGZEFbs",passphrase,argon2id
455,fking,"$argon2id$v=19$m=65536,t=3,p=4$krBiRFm2cb7jPytW1f97Ag$MQq47ave3BNhr4iNyyG+rBzGcuIOXvFd6yV9k/fcIb0",passphrase,argon2id
456,hesscorey,"$argon2id$v=19$m=65536,t=3,p=4$PJCc6SLbM+lkHd0f2TzBIw$egQutYPohCnS5rj531pzQwawyvyCF2gImHZOdRGm1nc",medium,argon2id
457,sodom,"$argon2id$v=19$m=65536,t=3,p=4$LKqmZA3eE92hSiQTdNbL/g$QmO/XQg7BN7D9v2reQCvHQU1wJx/farhKUjHuesOf60",passphrase,argon2id
458,michaelwilson,"$argon2id$v=19$m=65536,t=3,p=4$4uGBbBgzDyeY7FX4/DA6iA$kNnoLgStPF51clsU0BaLcYJtPxghNgX1igjl79gueGE",weak,argon2id
459,vrandolph,"$argon2id$v=19$m=65536,t=3,p=4$K/hZZfS2QPbtm1LUOwyXVQ$DVH9JtfFNVF0rfk4qDlelhvrNbnpLrGL8COPXZwH7hk",strong,argon2id
460,longlarry,"$argon2id$v=19$m=65536,t=3,p=4$kU/FQMdqYrQ8m4efFBt35Q$DQxEHeaUKFkr0YAg7HplQPW4XDeZMhJXnYUtLaVQseA",strong,argon2id
461,aglover,"$argon2id$v=19$m=65536,t=3,p=4$9PjvVqsxy2jouX2l/f5jVQ$Q+RwCa22QdoJv3QfDNh+1Uhy3rVKX2ZM5Su+KXql0Z4",weak,argon2id
462,kmiddleton,"$argon2id$v=19$m=65536,t=3,p=4$6RpwzE68sSbvSji75sgYpw$MVgVWw58KSTOpBlr30FG6NVfYC57JrI7wr9vJIyEyaY",strong,argon2id
463,masonpatty,"$argon2id$v=19$m=65536,t=3,p=4$n9iOkJNyd6DChd2NqY62qA$k5vsHpdlpehZ0ISNz1um2AqF4XfCW9rgqv76wpjRPm4",random,argon2id
464,garnersean,"$argon2id$v=19$m=65536,t=3,p=4$vb+Ukmnxir52FJrlT03+TQ$hs4JvFmaJtika5ZSA/235eiINgnzObi4D+GeYBOOLxI",random,argon2id
465,steven79,"$argon2id$v=19$m=65536,t=3,p=4$nomEtvEiyFq6cH42sXSebw$krengIv3uYMe2ElxI6WZBrnRX5uQk8kIIiyBdk/Jtco",passphrase,argon2id
466,sandersangela,"$argon2id$v=19$m=65536,t=3,p=4$/ky0jegxwmyZnUp3C72R4A$opvFsGVnSH/ugcv5ueHME42O4SR2qFKzhrYpvknPL4s",medium,argon2id
467,karen47,"$argon2id$v=19$m=65536,t=3,p=4$AvP7gGTH56t+sZ8qfM9CrQ$/3oawYussV7zYeQniQ5J5JEsKkHXFliBOk4vYEorB54",weak,argon2id
468,santiagoamy,"$argon2id$v=19$m=65536,t=3,p=4$ExgFg/ZJ7Ngw49gEv7guFQ$0yZsVwbPIByLI5dqwVFSdH/Hg5S/D8T9Iy0/0eHrC1A",weak,argon2id
469,fmeyers,"$argon2id$v=19$m=65536,t=3,p=4$SX6idpuvo4uiY/OrIuiUlQ$/j7kDAkRzImXV1T5yDhpwpiJu7Nyg/mbzomTO+PZsMA",medium,argon2id
470,ashleybonilla,"$argon2id$v=19$m=65536,t=3,p=4$OVfyZM6gDWoH3mHVXyRcHA$KvAZd1gKyxQO6p1cocGLLUHZqI9a6OUB51+a3ziE/EA",passphrase,argon2id
471,ghenderson,"$argon2id$v=19$m=65536,t=3,p=4$zVRd0j6gHN88/+VL7fj0QA$W5GIxv3BVOfQovIFD1UsN0nnGZL3WVmwANYZV+jbaRY",passphrase,argon2id
472,ortizdaniel,"$argon2id$v=19$m=65536,t=3,p=4$xcTFa1MZWgWKtgsaTws7VQ$7sxSm3RYD4XtUPOfJtrH1LSd8s8RGbSQD0e20AM/lT4",passphrase,argon2id
473,david98,"$argon2id$v=19$m=65536,t=3,p=4$maRITLQk+JD3oJS4hdgbbg$0aTyjxvQT34iY1TyI4tl9X6LvlEH0XoVG7Tg9nArzFM",medium,argon2id
474,sethreid,"$argon2id$v=19$m=65536,t=3,p=4$pmrzN9ugc9B980lajgE7qA$GcelKDQEDnhl4hbUNTQveE+vw5yudJlsr1DSAhiED/M",passphrase,argon2id
475,james59,"$argon2id$v=19$m=65536,t=3,p=4$tuZRaqCdfLZPqDQOVZQq9g$Dziq4ZemoC4Aq7lkse+lHASg+zV2pJA7665HTED6vBQ",strong,argon2id
476,william90,"$argon2id$v=19$m=65536,t=3,p=4$62kLEuXoWgrEY+zw1FB8WA$L8JaZzjR0k4LWHI8cPuwBkisHGgxCSP610Z8V4GwpVE",medium,argon2id
477,danaflores,"$argon2id$v=19$m=65536,t=3,p=4$wqjAd5D5c4MP4aqMJlRp9A$z/cP1u57/ompa+nv+n9iJobftWCRdAkhjHGj0kp3UXw",weak,argon2id
478,enguyen,"$argon2id$v=19$m=65536,t=3,p=4$7y9aaSQ6jGJL4c8mZNBIQQ$obUMzs0O4kJEWliD05fudlFXKE/AkmKPWafz8YB/fyk",weak,argon2id
479,kevinsosa,"$argon2id$v=19$m=65536,t=3,p=4$5407W06TM8BXafJvam/Z/Q$JOogr6cWzSdt2O7i14ChGZr1wf1QWvYzTJ/UVAHV22o",strong,argon2id
480,mlarson,"$argon2id$v=19$m=65536,t=3,p=4$eadJAiWIlWGin0018mumZA$y8RumeqaQSLxndopqhtJzwDI31SVCZvfKDKJn0jwyNM",random,argon2id
481,bridgetwang,"$argon2id$v=19$m=65536,t=3,p=4$WhGl38Z8dLGySAvm+Jqk7w$l37XWqNSB+Xk7PUgz29E37i90RZP+bo/gLaTFPHdazo",weak,argon2id
482,mario29,"$argon2id$v=19$m=65536,t=3,p=4$w8uCADzJzvxihPg9LDALFw$ku96YS3jLfTacfFumGX+oNFt8iF2ZhiQnbQX0bNTLpM",medium,argon2id
483,jessicabaldwin,"$argon2id$v=19$m=65536,t=3,p=4$Yl6WJ2Gm2R5RxRpY2c3f1Q$6OeJBhMf7CksFFTfVaY816kEN1JwCyOoyZMM7UyUHCg",passphrase,argon2id
484,ccastaneda,"$argon2id$v=19$m=65536,t=3,p=4$OJMSHNCIF5/KXZAdwTPMog$yayCfS0EWhSyLwElyTuanOQWwGmbbpWjpbvH43ALIM8",passphrase,argon2id
485,chad14,"$argon2id$v=19$m=65536,t=3,p=4$OzL4wtSyOVh/CjTC7kmkVA$wVeEOKQJsSpICZMdE+YUgvHWzfmOYEPF8sA5ClgdY0g",medium,argon2id
486,oramos,"$argon2id$v=19$m=65536,t=3,p=4$t2SryfnX5D3+7ts30dbZpw$7l1KEtbXIi+6JEzC2xXVT3XjikN9dRtYIuhI0wL46wQ",random,argon2id
487,ramosmark,"$argon2id$v=19$m=65536,t=3,p=4$5f/zX/M+72P2bDoCb2oqXw$H9LOtCqYMK3ykmcwnlAS0RD9XVoVZNWMqHOGAQSiiw8",random,argon2id
488,patelangelica,"$argon2id$v=19$m=65536,t=3,p=4$RIkXmH5TvDgRx1rL4qpNZw$jtYTQY0ZSjzcBJGs+JtJAB++Moa8yStj9/juYjC2bFk",random,argon2id
489,kingbrandon,"$argon2id$v=19$m=65536,t=3,p=4$KLENr7h8wWX4DhhG5ev1aA$KZ3QrpRdI3+Sc3eiARV+iebqM2sxVXYEQrHlpUH0X3s",strong,argon2id
490,orios,"$argon2id$v=19$m=65536,t=3,p=4$pOdGfLY421YJX57WZm8cRA$Nrxbv24VHOALGZm+xB9H5iyQVdgd1FqyREvXEp2IhFc",medium,argon2id
491,david49,"$argon2id$v=19$m=65536,t=3,p=4$m7qEKnqfNOhvYdGGnDherQ$rfRkTDyzjbBnIspHCa+/pZ8F1dkAH7YljSrG+4LY2Bg",weak,argon2id
492,brianamurray,"$argon2id$v=19$m=65536,t=3,p=4$gluk7iKCr86tyjpxJ5Ds/w$EoThzdqWhKv6yWqkxt8PXZ63KZyrkmBy9NeKHcjJ4tE",passphrase,argon2id
493,alexis81,"$argon2id$v=19$m=65536,t=3,p=4$ZoY29+vopvRLjlzRGvT0/w$FR1VC0MiLg9CLEbNQ4E5sM8ipXbvqkI+GJ30DvSzPRw",medium,argon2id
494,morganguzman,"$argon2id$v=19$m=65536,t=3,p=4$ndnORUfErzPBmHxWkbrMUw$KrhnEunA1Aqtzxw9d5Y8zF0Zo8ih1+WXyJqWbTNQV1Q",strong,argon2id
495,danielle78,"$argon2id$v=19$m=65536,t=3,p=4$e0T3rPfdUdyTdPT/iQm7tw$vOezqhOfntnq1I/e/F7jwCQW2hAXty8FNzt441Cclpo",random,argon2id
496,coxoscar,"$argon2id$v=19$m=65536,t=3,p=4$vCSexLRk+ePLLL+G4xp39g$x/VLqWNrcxHbk83oJiDlQYCCz2tGH8Lr5xxywo0ybz4",medium,argon2id
497,holtjoe,"$argon2id$v=19$m=65536,t=3,p=4$yz7s91U4SyO/G2y0ciDlSw$btIKp7FVgcZXkQZGjJZSzuGwP2wmhwPfLdONQFYW4qw",weak,argon2id
498,mark94,"$argon2id$v=19$m=65536,t=3,p=4$CJtIbde2hu5g/r7xqH66/w$hcj0sjMHOTRUSOznTswB7klWX6G57CGoW/Q+4uYRBFo",strong,argon2id
499,michael74,"$argon2id$v=19$m=65536,t=3,p=4$rcgy2w+7UVI3fMq4wa20/Q$v2VrSHut9eQ8D5usQDB4u4IYNGSNm//5ENMAU3d1IH4",random,argon2id
500,castillomeghan,"$argon2id$v=19$m=65536,t=3,p=4$IRBPVAVpE64h54Tf7DZw9A$8OMCh3vIOChR/InTMuGRHLgXsU/vPSllOVjApOM8hA0",strong,argon2id
501,michelle06,"$argon2id$v=19$m=65536,t=3,p=4$TKizoMiZWj9bW6+Pc5W2DQ$WuwuRmbe8yloriN9/Ifym3SOVFNVnoAdy3iq/fJcT68",random,argon2id
502,grahamamanda,"$argon2id$v=19$m=65536,t=3,p=4$n0IKMIpZpDnAPwktmVLL6A$JANmluzhnSTavBfVBuZazKT/Om8NOjmHzLWY2fsa7bE",strong,argon2id
503,daniel37,"$argon2id$v=19$m=65536,t=3,p=4$W5vPD/vsbVQezqVPqaH95A$/ZFsA88GZKyU18y92OT2jCHFr69sQKihV8CPTCQl2AE",medium,argon2id
504,jeffery19,"$argon2id$v=19$m=65536,t=3,p=4$nfH83hfGC4ZNQg3SEphz4w$4bFAI6yfdFjnR06SpaLbQNdMzaQL1x8m2DcU2LSuuWk",strong,argon2id
505,tarnold,"$argon2id$v=19$m=65536,t=3,p=4$JYHcJ7YTeHEv1LoareC42w$siVfHoiqOl6/uYiHctRWqPzu+bGD8+sy1vAUxUGRKvc",passphrase,argon2id
506,robertmarquez,"$argon2id$v=19$m=65536,t=3,p=4$1JwJmfzMkOltzNhhfVSPSw$b5vXQPrNU2cKI6Mrsw1tE7B2L1KsA+FgOKBucr9TyFk",medium,argon2id
507,caldwellsarah,"$argon2id$v=19$m=65536,t=3,p=4$0tXYoinynMdI9huwrGHszQ$wVbR6s2BBAqsut1JFBfntawxGHGsR6d4/2M4O9btB7Y",random,argon2id
508,alimary,"$argon2id$v=19$m=65536,t=3,p=4$QOS879P6fffv+dqWkVxiOA$vckAseFQLRyWF6xvcUZ+hylFaqyPJ+FYZ95i2Gv27XI",strong,argon2id
509,brittanyramirez,"$argon2id$v=19$m=65536,t=3,p=4$NOB450Z2gj8FyeOfEipChA$UcWj1pu6BnFbgREIEbreyub8s7zk3uH8rWaikW2kiLY",weak,argon2id
510,janetthomas,"$argon2id$v=19$m=65536,t=3,p=4$EsjmwG/SWKWn9GrXxrroGg$/oBGISasah8b38w4260Mp0YQqUDXMY4KHGpC7ABkdUs",random,argon2id
511,hawkinslee,"$argon2id$v=19$m=65536,t=3,p=4$4PAv4Oo9Aa+CXjPmYCkUQQ$CUT+aaMM2ivus4pmYTIKlXQuX8GpFugk4dgIeg1CZr8",weak,argon2id
512,twilliams,"$argon2id$v=19$m=65536,t=3,p=4$Ctzx0o9c75aupfCJxoM3wQ$pRZhOC6xlJJ4fzIHuDmOlWVUaReEgZUFDkj64Q9EMlo",passphrase,argon2id
513,hmay,"$argon2id$v=19$m=65536,t=3,p=4$rK1x9qWWDVOWS2nbP5W+ZA$Twe3ChuxizOnstLw1hE44WOimXjysRH7+vwBDgHduaA",strong,argon2id
514,valenzueladesiree,"$argon2id$v=19$m=65536,t=3,p=4$K8vXEI7nfuZ5AQuoDXdwEQ$HW+Vm2CNpMhbXdazqZJL99BzQ6RRxx8y+Iwq40jtFKY",passphrase,argon2id
515,marysimpson,"$argon2id$v=19$m=65536,t=3,p=4$MUK+EWJit/GEyDwK4ochhQ$wdZRAK2K42z3GQN0t26vEM1rPDXtxOBalPIjWoLpmyE",strong,argon2id
516,tammygarcia,"$argon2id$v=19$m=65536,t=3,p=4$62Ywxuqor61YIEH3YaeEag$HEmo7ZoOCucHWG6MFOvtd6m9e/tdQWKJ9/RxKeNg95U",weak,argon2id
517,katrina29,"$argon2id$v=19$m=65536,t=3,p=4$ZMB83eRTPl9U73oPyeyUdQ$WPcmjvbmYTaJNE9RvFEdFdmRb/dYCWkOzmI0R8BPHb4",random,argon2id
518,thomaskristi,"$argon2id$v=19$m=65536,t=3,p=4$pYGdu7mNfOE4huveG0fwEw$u73qjMQP9y9IPLzo++AAPLhPHiK+yIxI/X/iivIwFlA",weak,argon2id
519,michael26,"$argon2id$v=19$m=65536,t=3,p=4$hVRwgGwvexsUkdSDo+TsqA$65O6YikEMvGdEEr4fD/WfgKdcPIz9WDRD9MibwTRknQ",strong,argon2id
520,jeffrey02,"$argon2id$v=19$m=65536,t=3,p=4$Csm0mf1GphK/7YwUWgoowg$hZlxUoR3+eQtVfDcM+s8ousESpGAn7QHhxn69jIk9jA",strong,argon2id
521,wreed,"$argon2id$v=19$m=65536,t=3,p=4$Qkzp2ZGIFKvfatHlG3TuPA$e0iqPQ0hlkTpKfsm1dt2TxSSCVt8jIFC/2PXSdptDRc",weak,argon2id
522,juliegomez,"$argon2id$v=19$m=65536,t=3,p=4$+skk3lX3Xnfo84CamM1unQ$+lxS4czdtZjzJozoyiiwNcU1y5mBLwJYj4VhLHWolqQ",passphrase,argon2id
523,johnsshannon,"$argon2id$v=19$m=65536,t=3,p=4$WrkpbWO8eaZiFweyYU5S6Q$K/N/n3+74f0wc3rCuJ7vxRUT/9Kf5ELGZvvwBbiffSw",strong,argon2id
524,robinsontiffany,"$argon2id$v=19$m=65536,t=3,p=4$S6d4tgjD2Spc1xnkSZzdIg$ht93IAHUZ7Luy5FO+D0znBHXFlHpnqU2God9Y8oYCHU",passphrase,argon2id
525,hamiltonmadison,"$argon2id$v=19$m=65536,t=3,p=4$g4FN+IOR4eH6a8ZqKebFCg$axV4ADJUmb5Htn8naY0VXDXtowbN6xCBf4t/5yA4PN8",random,argon2id
526,timothywatson,"$argon2id$v=19$m=65536,t=3,p=4$c9NZXjgxJGxSLy07jVJ5yA$Og1WQ4V4+odhH/SWxG5muJdvRreJ/klinl2Wd2FUXpo",medium,argon2id
527,trevor30,"$argon2id$v=19$m=65536,t=3,p=4$hltuat/3WA+yDt6okeY+9w$Z7FMgRsC+SgOofp+cDwqSvpr0ANXoF9rZBkSED/HllY",medium,argon2id
528,michael05,"$argon2id$v=19$m=65536,t=3,p=4$VLBtKqqRztN+HJUeMHobrA$gfKHff/k+ZlHMnXHHb0yLn0XUv9H9OJwIkOfrtjHdJw",medium,argon2id
529,michealglass,"$argon2id$v=19$m=65536,t=3,p=4$GCqXDOe5MyPqbZTNf7U8hA$ojuHKdf14X0J6t+qO558Fhz8RNsUfP/XVRBYjwmBEuU",random,argon2id
530,dominguezhannah,"$argon2id$v=19$m=65536,t=3,p=4$QnYQ/Ua5W3gQcha2CIM81w$nE+ryds2OfXu+i3fC1QOC8O0XRfhLnvA0A5IYz8OgXs",random,argon2id
531,rbryant,"$argon2id$v=19$m=65536,t=3,p=4$71zW6YdXstcjrOQK2ObFCg$BHpRYxl1g+zn/Cvwc3Lxrt2ZrSFyQUoU/zmUdrXDLdQ",strong,argon2id
532,xthomas,"$argon2id$v=19$m=65536,t=3,p=4$QAGgLtjwzdD7wQH7DzADRA$dxKjls9sdFCEa6kOjqh/ngbzBbIgkPHBSSiwi+yrF38",passphrase,argon2id
533,woodmarcus,"$argon2id$v=19$m=65536,t=3,p=4$SbFqA3XoreCbzl0xPpSniQ$QP2Ub45Ksy+duacTRiIrVB5dRRm8qH2svbObOykABMM",random,argon2id
534,williamscynthia,"$argon2id$v=19$m=65536,t=3,p=4$YRJ9nEJhaCdLkRFY0Vskhg$9mRmUYmjc2seM+wAJYqE4SQcr+t7iaWIRb+BiJgCNwk",weak,argon2id
535,joshuacooper,"$argon2id$v=19$m=65536,t=3,p=4$cnX49mlfcbBclfikYkZgwQ$bfQYoEf2r7QBs2clTIeCGlUQMtuAp34pEUTY5qAhT7A",medium,argon2id
536,miguelbrady,"$argon2id$v=19$m=65536,t=3,p=4$ILa5OdbfOpVN/v9nWcifFg$BF/j1gFZeCO/Z5pJDZkn51cKSu+cEYxGyM3hHs0Eeg4",passphrase,argon2id
537,joshua53,"$argon2id$v=19$m=65536,t=3,p=4$5+qMyOxJzXbWHu/aWKdg3A$BGW4GDbSjkbqiys4oxT7bEbH/18t8G6kGocXDAOnPSE",random,argon2id
538,alvareztyler,"$argon2id$v=19$m=65536,t=3,p=4$HaOI5gkBOFHNBI8M8tZ1BA$XEJyOjqxQUBg8iXChH7d4Xj315AjYlFu31qC8YP2H5o",random,argon2id
539,kathybarton,"$argon2id$v=19$m=65536,t=3,p=4$vsNTB8hdFjkHLpEcaRpCug$Nzi/LzjW5eWQIhYAhK37/Ku86CMTqv84WPkkY0jyP1w",random,argon2id
540,baileyandrew,"$argon2id$v=19$m=65536,t=3,p=4$by88B/gviQfasII0i/tebg$VPWbiuMDewcm8ExmbDzEmNgSXrG9VJcrwBgStuExvN0",weak,argon2id
541,brenthiggins,"$argon2id$v=19$m=65536,t=3,p=4$tJNqqdvxcE8mvIPacYJoeg$eXyW0iPlKUow/nr7ow+ZLA/U5k6MECDj4RraPpfqong",medium,argon2id
542,amberryan,"$argon2id$v=19$m=65536,t=3,p=4$X6N1M9x3MGCeV+F2KvCSCQ$qw/9LiDBMfOR9xzH26GY4KTzCrADeLiO6JvP9lxZBmo",medium,argon2id
543,lwright,"$argon2id$v=19$m=65536,t=3,p=4$1uXqIO270nPg3znUOKM4xw$C0kxaH8kUrJo2l0mWfOPUxMYd8w0gyxFl3hOc40+Pt4",strong,argon2id
544,adamscurtis,"$argon2id$v=19$m=65536,t=3,p=4$DIWoOy8g7phc6yzRZUt56g$lOnOlnhICK72BDE6Q7KzsmuF4RMt2MTwEoAaQA2SXjw",random,argon2id
545,bushelizabeth,"$argon2id$v=19$m=65536,t=3,p=4$Wp2jmroOnKTm4HqJgBQU/w$sL5iFL+Em4FRjENXofiHGpCutBW3xpF5uYjWCqrPLXI",strong,argon2id
546,gonzalezkyle,"$argon2id$v=19$m=65536,t=3,p=4$iybO9RLYATE4Z8SJVtj8QA$SzJsvNIXzkxJ/pkf8CyZl8yuRbFqxZCG4xlysc3CSe4",strong,argon2id
547,phamlaurie,"$argon2id$v=19$m=65536,t=3,p=4$9NepJxq4wTro4Z3ALTzVtg$ylpTGFtYt658j8mE2aYM8iV3EUKiCXJkFmW07YxzR1o",weak,argon2id
548,rcampbell,"$argon2id$v=19$m=65536,t=3,p=4$KsUUQNZwcf5RIX5yrj7Xiw$/cqz6X8kXIgHB/KC5IHJSkvMUreT3cr++zOOCnHzsBw",passphrase,argon2id
549,mckaymelissa,"$argon2id$v=19$m=65536,t=3,p=4$tiE8di4bO6ybKFyNFqYSOQ$Qrx4HuHOdx/PFXHHLBYiwQTNAkV7SH6cLkrmVEiE1mU",strong,argon2id
550,katelyn78,"$argon2id$v=19$m=65536,t=3,p=4$SaaYgggJM/zkYzrCp6DmVw$gamHgMCvXRRzHazhJNx54AdTeo77QxJdzE6DNA2EfaI",weak,argon2id
551,wrodriguez,"$argon2id$v=19$m=65536,t=3,p=4$bC2dSo1zm8V6fKJIz/c+Tw$6CxaPGnBQ79wYgj7MOmkVkqaygRKJ58zo4ojZNvu7B4",strong,argon2id
552,gregorywhite,"$argon2id$v=19$m=65536,t=3,p=4$0tNxW5Dt6pIjdi7jAXwxeA$iFIE8XWs4kgS65YH7hHuziu+ACWGmLm+R1+KmzgXrCo",strong,argon2id
553,osmith,"$argon2id$v=19$m=65536,t=3,p=4$+DDb9prmcGLIB+jlEPCJeg$Y7t5NVZCQ+UXPtgSIjMWjJ1So229Jp4zYuROvztu+3Q",random,argon2id
554,evanssarah,"$argon2id$v=19$m=65536,t=3,p=4$a9athOJRt9PYl+tOQhU8jw$jEXBzfhHb7c79vfquRTiLXWmwRgUDTdFJ1VBihnZ+00",random,argon2id
555,jasonsandoval,"$argon2id$v=19$m=65536,t=3,p=4$jjdQ/SzYFBqS3EsaojQGRQ$bf/mBhqa7w6OGBbSDWQ4od0r85gTIhoX0SRA5YuBq/Y",random,argon2id
556,zachary29,"$argon2id$v=19$m=65536,t=3,p=4$a2lblq4WvFpInNrbLImAJg$/q0cVbrudOY7NfwHL9RxwvaBF4MZWtykGqcyfgyc7pg",medium,argon2id
557,schaeferdonna,"$argon2id$v=19$m=65536,t=3,p=4$JkceHfwg/9YElytp4Dd7mQ$QSYD2fjp6l4HqE7apWVRMADgeEHv6AIMp1xws8hypwI",weak,argon2id
558,jeffreymiller,"$argon2id$v=19$m=65536,t=3,p=4$6FzuRt1KKwKOyKUov3r+0w$AfaK2f/X5wPfxKgG8HL5aHp36atzAlCXBmBmDnDQN1I",strong,argon2id
559,charlene55,"$argon2id$v=19$m=65536,t=3,p=4$0NlkqOkUX5wGfRHGVXvtvA$tgwQpn4W/83Q4+SGV+kb0pa+VvA8Ll0QlvlCta0GERA",weak,argon2id
560,parker72,"$argon2id$v=19$m=65536,t=3,p=4$C4KQxvkgBzzMvOOFzWYHjQ$7xDe38yyKGh6z+VD8BslVio2QToGhF1a0AmjVHchJH8",medium,argon2id
561,michaelgriffith,"$argon2id$v=19$m=65536,t=3,p=4$VkZvWenF/FnQAXdK029C9A$u0ab74QFC8eL728mlG1EFHT1XpMPSf1U4eTRP3Y4dI4",weak,argon2id
562,cortezjames,"$argon2id$v=19$m=65536,t=3,p=4$l21co5/hVMTH1oq7/IwjRQ$qltmMWSbsROPfrJXGc5T8aUztSAWt3KnZKidSoRH+GQ",weak,argon2id
563,braunmaria,"$argon2id$v=19$m=65536,t=3,p=4$CMNesJBK9RWQ+F7F0qkpng$n0gKf8vYXiMdHNN8WZIiYcqgeKa6qf5QYydXuFHCou8",medium,argon2id
564,brooke14,"$argon2id$v=19$m=65536,t=3,p=4$aLU4IsYb5E1ZZAHi6INP5Q$7vyIBc0h9f7WzCOiQBz4Gt3Ur1GiiEIZ2Fs5Nq/IrwU",passphrase,argon2id
565,coopermarcia,"$argon2id$v=19$m=65536,t=3,p=4$7NWXh3YOyO4iR+hSh7rZdg$PYklCVZIQQmGmNjPfAmtVwYGqaGGboTahUiG3W6Od3Y",random,argon2id
566,ronald49,"$argon2id$v=19$m=65536,t=3,p=4$3dLQGoGf5lc65vd3Y/xR0A$0ThhAQg0jH59LVtJJakZl3GGL8guLFSV9u6JhtRy0XY",random,argon2id
567,uvasquez,"$argon2id$v=19$m=65536,t=3,p=4$7JXfLHqyR1wQby98Hj29+g$om5BRcdv2lN+PtuKicpqKJBaJrKOpp23WPvKmozH6RY",weak,argon2id
568,wmckee,"$argon2id$v=19$m=65536,t=3,p=4$Pbur2o2Vk4dJMtMj2oOF6w$JZtDW7jbjEuS1ho6qPD4WESi0nzi40csQlxqhJx5WBY",medium,argon2id
569,thomasrobin,"$argon2id$v=19$m=65536,t=3,p=4$ASMBn/3DhrNIBD2zBX/nCw$uX/LKfSKedM9n4MMyhxK97UHXzalLK+SJ9O6BarKV2Y",strong,argon2id
570,adrian91,"$argon2id$v=19$m=65536,t=3,p=4$ZJjGv0GnMCM7rniSf+5P1g$86S0z/TE6TkIvw23wElPKl4rXPlScwTrQKfOeoIGHps",strong,argon2id
571,margaretthompson,"$argon2id$v=19$m=65536,t=3,p=4$PVwyXQFacA6ZJSLwfjqAmg$gzoJOfkpJZIilIgR/XvBbgSbXzst7IhFnRxgMi8hYDw",random,argon2id
572,marialopez,"$argon2id$v=19$m=65536,t=3,p=4$g2GlVvrKSqvMV4NxV3Cb/g$gxL/kPl/16XVd4gaDBIys97h1dCMyfGprg1c56aLhsA",medium,argon2id
573,taylordiane,"$argon2id$v=19$m=65536,t=3,p=4$o5MFiSySq8nRACpgeNVe7A$AtvQ/25vFzIxAO3pFJfpPOxNMb7DJ0pQKL5sAoqUjmU",strong,argon2id
574,brianhunter,"$argon2id$v=19$m=65536,t=3,p=4$ZzSfvVInGjqPvHocP+39OQ$wYt9qJ6c6uB+iRlsZTrsICvELbkMmBnu+Pzts6R8j3I",strong,argon2id
575,sanchezclaire,"$argon2id$v=19$m=65536,t=3,p=4$CwfiTYgm4l8XBiKPqon+qQ$jFTDGZQazOjSygOFyt3U20yIhPJwG/MdOHpsB7wcm90",weak,argon2id
576,hudsonkristopher,"$argon2id$v=19$m=65536,t=3,p=4$b31MAgml13+ooDO5ml3hAQ$6Jc4bHGAnUh4G+rDEmH4vU9iVeGvZ0vm11FXMU2DRG4",passphrase,argon2id
577,fishersandra,"$argon2id$v=19$m=65536,t=3,p=4$Z9n3NLYlzSAwhgISRuIbPg$6qR6qrFVYCaawEwVW6aIDKtncorE5czEEXQFo7CJWVk",weak,argon2id
578,cohenregina,"$argon2id$v=19$m=65536,t=3,p=4$/sq7PWisxsLU934+jhi4Cg$91Ff6B3b8AvFcVJIhizW9OFU6xWMfO4rN8HtubKSCrE",weak,argon2id
579,matthew25,"$argon2id$v=19$m=65536,t=3,p=4$tMZ7pTh3B44xOXzmC4wGLA$kqdBPNQpbdb6gcFV+urAV2+L2kDtaj60eEHnRJrDdg0",strong,argon2id
580,lancezimmerman,"$argon2id$v=19$m=65536,t=3,p=4$fn3rDyvbgIy2L2lENaUwJw$UNF23CwkcfT9z52+YoAqbN2AxKq3H/jb84WA0aFq8MQ",passphrase,argon2id
581,tberry,"$argon2id$v=19$m=65536,t=3,p=4$72IQcxQ2qO8PkD4m+tQ9YA$WKXklIT9scCc6Cb4g3VR5+L49c7Q9FF4TzqxM+90E4w",passphrase,argon2id
582,andrewho,"$argon2id$v=19$m=65536,t=3,p=4$+INquhNm5Xv2CCmO/WtD0A$lBWIqoVpR6BBCiBMkT4Ukeh3EJ71Qm70ikMJ5H3Re14",strong,argon2id
583,tina02,"$argon2id$v=19$m=65536,t=3,p=4$gg/zqtGo2jXeKfa6LpYUCA$JXCx1VS6DvjJT4LahchWCncGs9ZTLTKWYGSui27dE30",strong,argon2id
584,eric70,"$argon2id$v=19$m=65536,t=3,p=4$rOdSO2p5/QEHt7hgq6Wvlg$bIhjX6//GhR+DMd0AcOFDtMSHuiARmIWIRoRr62v3nI",strong,argon2id
585,ptaylor,"$argon2id$v=19$m=65536,t=3,p=4$VaI7OcdFNSWD/ZyWTl+nVA$2gNJYZ3xV5ZyhASyDeSwWD0LkPGNPxzeS0D2jV4H4aM",medium,argon2id
586,johnstonnicholas,"$argon2id$v=19$m=65536,t=3,p=4$UtCifRlhnbSWturis4zSiw$Q0vo4wAuMP7lTXddVAZ6/6CUhfhFciosk2cxrRg/6Cc",weak,argon2id
587,dianamurphy,"$argon2id$v=19$m=65536,t=3,p=4$qBxOKibDcNMn9bUntDkBag$IlG4vDQy+1EVyQ2eo98ZZrx74L0zZeXk+ksWgVnHA1Y",random,argon2id
588,duartejonathan,"$argon2id$v=19$m=65536,t=3,p=4$kgxUcLqalzGTktF6410hKw$4lU4+60TlrAjx3emhfdfcOcCtZu92BnfWiph3aIHA20",medium,argon2id
589,logan93,"$argon2id$v=19$m=65536,t=3,p=4$0QAV/r9Ck3lVdW6bzVVbPQ$dtiNFuwUxqKi2dihbqDXeVTPDQb/GnBZY604xRGmcgw",random,argon2id
590,matthewmccormick,"$argon2id$v=19$m=65536,t=3,p=4$1ut0vdvvkAs1k0GqguvYmQ$qYmYJ2dKDRMuilGYiMQhcafUJ/87eDWa8cUHJmNVmv0",passphrase,argon2id
591,hurleyleslie,"$argon2id$v=19$m=65536,t=3,p=4$NnUKEM+0NmMAb+TXcAYYxg$Fbhjon0ksGcjZ97gJ5blwYDvBkMwx2xxNMx1fip37cs",random,argon2id
592,parksemily,"$argon2id$v=19$m=65536,t=3,p=4$w5hgow6C/QV/b3DE/Pvyhw$Zhr0RYDzO0alN6WvI8kpM64xUYrdcuXn91IBhLjQg6U",medium,argon2id
593,maddenchris,"$argon2id$v=19$m=65536,t=3,p=4$8LTfSXkmDNQXMC2DepNcoA$jsaSXNmN2pm4qflI8GRz1O+UN2/JhPeiRmlOkKTy5x0",random,argon2id
594,william61,"$argon2id$v=19$m=65536,t=3,p=4$Wvl5wzfPzaoHJNF6sUmxMQ$J9Q713MzDq+noQ9iX56DHn0ybXHO7SAuSc/lgd28cUc",medium,argon2id
595,james70,"$argon2id$v=19$m=65536,t=3,p=4$k+3VGy0QFDFNPPXuLXLBmg$VGQD2aZkRlmW04deUtVyYJkNQafd3JL45036xmjEyyo",weak,argon2id
596,cisnerosbrett,"$argon2id$v=19$m=65536,t=3,p=4$TFCvsob1kr6JEwt3eSp4Nw$23cs6EzoJF769FHl997bbTEWk5YQsQsQ1UXrL8wHxCM",medium,argon2id
597,michaelmatthews,"$argon2id$v=19$m=65536,t=3,p=4$iYp2tUofgqdfOjEfnH3SGw$9yccc4rpyDmgIvMSGAytKrBKvglg8By2HguaFMOm9ds",strong,argon2id
598,susanbrown,"$argon2id$v=19$m=65536,t=3,p=4$9RAS4MgNpudeKMrgjD2Njg$Mk+pMHBeznrk78h+u+2AbXBYVVUY3qqEjx3R7NLK/rs",random,argon2id
599,raymond81,"$argon2id$v=19$m=65536,t=3,p=4$sUc4xqo1y1rl7xfv73K/zQ$jl09LU7QnDyAq9D8RMYoHG7CcMv72c8EbN+L8isW5/0",medium,argon2id
600,zolson,"$argon2id$v=19$m=65536,t=3,p=4$CsR10/xBmg5KHbSUkb6oHw$JXbn2FNy0ClC7dtUh78kIJ23L3WvsSvCboCTtIqEi8M",random,argon2id
601,stephaniemack,"$argon2id$v=19$m=65536,t=3,p=4$BZMl994H2vlJcGYlIoyzhw$2yN6YqKH0qv/6Sf4IPhMwgyrZvxjGVikhFs4BtQwCMs",weak,argon2id
602,kellyray,"$argon2id$v=19$m=65536,t=3,p=4$PBSdI5Wu2946lxoPbQCrYg$xK0+jG/z955vZdmMJHn6OxzxKYhWbkxR3gRg4jpXc2Y",weak,argon2id
603,collinstimothy,"$argon2id$v=19$m=65536,t=3,p=4$LwVYbvn5l/KnW20ORD/QGQ$HkM0RITBtzYocv+Frof9luvRkNuc6YyzGIavJXKb6Rc",medium,argon2id
604,brenda78,"$argon2id$v=19$m=65536,t=3,p=4$l/BoJ4kzFffZdpiR76HfLg$LsKWEq/DtJoFepksyMqY6yP0Ju6fOX5DkHeevHGG82Y",medium,argon2id
605,melinda43,"$argon2id$v=19$m=65536,t=3,p=4$4RueW9w1w45YhowAsNPlAA$1AzMw9DhnoDfsqfqKl5Ah7j1Rg3nxviHfXDApOfHbss",passphrase,argon2id
606,lmurphy,"$argon2id$v=19$m=65536,t=3,p=4$sruZ32T+IXcQ3rPJpADb7Q$erGcOmPSPfa7x70Fke0W25RwmjVXFGvKcPsIBQTBFG8",strong,argon2id
607,mgray,"$argon2id$v=19$m=65536,t=3,p=4$z8hN5swP4UMu+r8Tm72hjQ$hZbCod46Jdj5rHQdMMS8JxEOogs6qFpmWySI68H6AD4",medium,argon2id
608,whitakerapril,"$argon2id$v=19$m=65536,t=3,p=4$FE2m/mF3twd0/yIBpkMbPA$0h+09zpGtQBpdUriw+cJxdlUDP3PlLvClhoYFYYZf+w",weak,argon2id
609,baileyphilip,"$argon2id$v=19$m=65536,t=3,p=4$JGqY5TImT0qQJYOZej1DfA$gC2Yoth1afo+uxSOpyGUllDOFTgKn+UJXUpnU/JBSfA",strong,argon2id
610,jon00,"$argon2id$v=19$m=65536,t=3,p=4$NW1fgtHtK3+Zsavr7JzySw$5gbjmXcOMjx3x8xaUt0b6ydno5Q5HnvTrvtnvsZd2q0",medium,argon2id
611,glennperez,"$argon2id$v=19$m=65536,t=3,p=4$t1VEkTl6seLj7o9hjbU9jA$dAs7vb3nqZ6bTlnxA4O3Bi1gqePD0R/iaEgOVCgGvFw",passphrase,argon2id
612,zmccarthy,"$argon2id$v=19$m=65536,t=3,p=4$pi2kxzeTwfbZdc3hNvku5A$5xfitkCca38xPrW54jr+GCWwGxqcTFoUB0MV7P013IQ",random,argon2id
613,jose09,"$argon2id$v=19$m=65536,t=3,p=4$7Frfx3PmZe5nizBVosTyXQ$juJmRKasLQlR3r4iHwFDXMt9wo3wFUTjc5pv0kdVwtA",medium,argon2id
614,lowecameron,"$argon2id$v=19$m=65536,t=3,p=4$Yvjb5mo/Ns+mHXlA4oFhGA$rzMwQR7N8mhteadU8VDmmqpHBJI4kYQF+6Ml53X2ivg",medium,argon2id
615,wjames,"$argon2id$v=19$m=65536,t=3,p=4$e2Mu57sxDNEUZSokIdEPcw$CCFwKKTRY0G4wpuCuITDltKsFJ8Et+ZMmX/DKj3TXds",strong,argon2id
616,mitchellrachel,"$argon2id$v=19$m=65536,t=3,p=4$qSGtxTssE/A/oRMW81/y3A$hKVQTx8t9igDRbulD4DxHP+NpFrhBvkIsArQKqkjJMk",random,argon2id
617,gibsonpamela,"$argon2id$v=19$m=65536,t=3,p=4$7IrjgSJTaUNNq/ZGAMobmg$d8cEjZWJUFigRkRk6MHYCZCluM+cZoDJrgn0sa7K6hw",random,argon2id
618,clarkbrian,"$argon2id$v=19$m=65536,t=3,p=4$CG7taIgnBzpeDH58d174YQ$gipis0YxjPMhjSG9mloWJjarL0JtpIfJlmToAdnFKvk",passphrase,argon2id
619,esantos,"$argon2id$v=19$m=65536,t=3,p=4$CKLgFtem1Siymr/OyyUwgw$c2feXf0+u492dC/Dl75wfnmWZnO9LkpGH0c2ty+xi44",medium,argon2id
620,curtis60,"$argon2id$v=19$m=65536,t=3,p=4$DUie+op60cVQBQ7QUZdHYw$a4IFU2JsUzr57QUazO8jFJM+i2ANj+ZQaN3JWxkBEeo",passphrase,argon2id
621,dpeterson,"$argon2id$v=19$m=65536,t=3,p=4$8U/7wNq21n+Aq4hz0R4A/w$L0Ci3/hI6YmaWX62Cbb5W8r+t6/qb4gopL2X5RbR3Ic",medium,argon2id
622,fclark,"$argon2id$v=19$m=65536,t=3,p=4$5HLRAzBlveAOdrWf7utIpw$glU2VxeIXwOPoOLaiRldia6rr8ZsyEavdC7g26qMYLQ",weak,argon2id
623,kmurray,"$argon2id$v=19$m=65536,t=3,p=4$0K9/SZLR4MAId+nndBjPng$wseLjS3PonGEGvKFgEmO4ur1B888fAyYrwspCPplwWY",weak,argon2id
624,emily11,"$argon2id$v=19$m=65536,t=3,p=4$+koqxCrwWp8I6tDwDZd9gw$T1trRHUB5u96AeEY35a0G66309WLtK42sRHQvG4Vb5o",weak,argon2id
625,nancy00,"$argon2id$v=19$m=65536,t=3,p=4$eIGJR2H3td6UBYapcQBTkw$W4ZZdP15PdXGbq7RQrOFjy5Q7f9TnQTyfV4nAjTv+j0",random,argon2id
626,fharris,"$argon2id$v=19$m=65536,t=3,p=4$2wl/3XGC0F+by4b65VmOng$c9BwFfGWxVFB+hcxijM5n6rXGB+n9+JKCeQOjTUqxO0",weak,argon2id
627,kmyers,"$argon2id$v=19$m=65536,t=3,p=4$hb09KRy/Xq7xehLMwNLbEQ$YC2Eeqj+iDJRjsDkLZdx4IdXa8eaA6ZYppmi3/R8pIE",passphrase,argon2id
628,bartlettleslie,"$argon2id$v=19$m=65536,t=3,p=4$Ub/yldAjU+ShRPkqEvixTA$2l3HwxKvsiQca4H3z3MuEIBCzfwGnaZg0ccZ+V9EubE",random,argon2id
629,jillian73,"$argon2id$v=19$m=65536,t=3,p=4$CpT5nCll1HuMCW+aBgu4eQ$ghX2gZMey9AsEKBLc/to2lHI7Bq6rDfcf6BDxnCasB4",strong,argon2id
630,gonzalesjulie,"$argon2id$v=19$m=65536,t=3,p=4$qoS2Oz7f33tYANA7Ij1iVQ$cEo5JwXk8onOI97orpEiK4UmLP7pjIAEpTETrll7yjk",weak,argon2id
631,williamcarrillo,"$argon2id$v=19$m=65536,t=3,p=4$TVWEY9xO0tVAtTIH3B3mCw$oN549cBCPvoxhtGfe3Y1JPPv8eKO+zLdcYME3xTP928",weak,argon2id
632,hallkaitlyn,"$argon2id$v=19$m=65536,t=3,p=4$AlH5uB4Np0G9DJDUHm9aHQ$MYfcwCO1aXhSFZoA9LTVexA6UbEwqhdCcB9UmybE69o",passphrase,argon2id
633,keith61,"$argon2id$v=19$m=65536,t=3,p=4$VLtW8tmmO6vlWbmZw+dY4w$29Nc9YTnqxYL3Xs6I9hoQKf/ttcL5VAZdyPiJOuuWoQ",strong,argon2id
634,kimberlysmith,"$argon2id$v=19$m=65536,t=3,p=4$5tHHrc8vLs1m1iEXmGV+FQ$E7vlffHa8u9GdKIVOtv77vj+9Ecx3auCvFQYXFUKfZo",random,argon2id
635,tmaldonado,"$argon2id$v=19$m=65536,t=3,p=4$XNqyNl1vrNoKXWEWmKwaIg$ym/PlHIsZTNRTw7Bz+tph8uNV9rB6hEBoE00pfwsjvI",medium,argon2id
636,suzanne93,"$argon2id$v=19$m=65536,t=3,p=4$b8bQzvQwt9R4VW4TPNchuw$tzta4S+Ymp+GnNxx89T81PnB8gHvqlzxcyUaHT6PhpA",random,argon2id
637,ncampbell,"$argon2id$v=19$m=65536,t=3,p=4$xuK0Pz8qmDiGBJqj1jztCQ$sp3FnjsAi6bWsM5pEzF31Cuw5IQBltHt2FRg6es8PnI",medium,argon2id
638,bryce21,"$argon2id$v=19$m=65536,t=3,p=4$aLu4qm08lGlIYgI1xRr9Yw$10uuNvXrH9cORSUaM6/ix08mOKo5tKlv0XKCXBKrhtc",weak,argon2id
639,adam19,"$argon2id$v=19$m=65536,t=3,p=4$Wypi3g+/HAl1XjyJ8QAHHg$SeHpG0CKlAncANPS35NG/uQLegKn+n8sL3jI35dDjD0",passphrase,argon2id
640,tylerroberts,"$argon2id$v=19$m=65536,t=3,p=4$yo6fj2N3G/4jG3TgY1Z70A$0GRxouXvUiQwE8HtaXSy77aucNrrxgVwT92LNGw8PjE",strong,argon2id
641,abigail89,"$argon2id$v=19$m=65536,t=3,p=4$cJviED59Z6OeVnJlUh6O/A$lmhlGEmFtufy1s85TjsqdfxsLtyDmW5uX6R+XAbzLC4",random,argon2id
642,wwalter,"$argon2id$v=19$m=65536,t=3,p=4$7zqC4tE3yCG2yiHSJR5P7A$tohyMqea9xHIpJWJbatjlsgPfU1KNytH0S8Bh2Gjm9Q",strong,argon2id
643,hdean,"$argon2id$v=19$m=65536,t=3,p=4$fuvNuxpsX+Gmv8iFz+IraQ$aCKh2Dm2l3x9PZHoym/2YIbTyxF+iRyM6Cx/8cs0lw4",weak,argon2id
644,qmullen,"$argon2id$v=19$m=65536,t=3,p=4$Xg3e78gF23mKzp9TCbPvBg$9lzDrQPphVhEF7GWNDH0JQqHaO83PRHy7knu1mtr9/s",passphrase,argon2id
645,sarahsmith,"$argon2id$v=19$m=65536,t=3,p=4$f1mgHo4kY+1K8Pj7bJvUBw$xVRkNX4yMGsJcTu+TptqlSL95Zet29buas1+q6bht9I",strong,argon2id
646,kathycarroll,"$argon2id$v=19$m=65536,t=3,p=4$vSIzoVGG/XDga8bgqiDgjA$bvxxlrFP5dgk2wobxn+M1x3s9l/WMGlcnK5RVX0IlZc",strong,argon2id
647,molinajose,"$argon2id$v=19$m=65536,t=3,p=4$As4sm6wKeOT+K0DTI+7dlA$T37j7pJeSpjKPgYIU4ecvIfcEApBWHiIG9k/EtQ28Tw",medium,argon2id
648,laura50,"$argon2id$v=19$m=65536,t=3,p=4$y4XdawQhMbznvCtitT/ceg$c+YIPjKp8yF7Y/B635cuVzfLEN8BxtJsRXlqTXqSIt8",weak,argon2id
649,martinezdavid,"$argon2id$v=19$m=65536,t=3,p=4$8lmhIfDSvrJjLdAwpThyVA$CzoFCfo/dDmuIzeMogI84i8XH7qWM+SqMHS758pY6uM",medium,argon2id
650,calvinshelton,"$argon2id$v=19$m=65536,t=3,p=4$71JlbpESPRb86XqU/CXjnQ$BuhdZkvllxf/pRuWMynHgPipe2gYIlYXx2jAiB6GYHY",medium,argon2id
651,ariel88,"$argon2id$v=19$m=65536,t=3,p=4$sxEV+3EPwZ+EQKKHHE/Wzw$H/Vnjyvhdl4ltL56TRzNgHepodNovKwZVUyXbnWTQHA",strong,argon2id
652,jessica82,"$argon2id$v=19$m=65536,t=3,p=4$WXao4WWtvH5tXxxVZR3LrA$G9GqwdGpCZCYJQ1iAayThDtjoGjVJxl42I1w2HXezfc",medium,argon2id
653,grobinson,"$argon2id$v=19$m=65536,t=3,p=4$VJN4db5AJoCVQ5zZO8k2pA$AMEbF4zFDFogpjxY2SGf813DGV1P2boURgfUix6+HGs",random,argon2id
654,foxbrian,"$argon2id$v=19$m=65536,t=3,p=4$OGod2mXg4yt5e7znhWBb3Q$QG+d993y6rRMReeZljoM+v8Zc36DGJLY0d+bBESMowc",random,argon2id
655,htaylor,"$argon2id$v=19$m=65536,t=3,p=4$Klsj3czk9O+2iw0yjHKj4Q$ZEz8XqaCXVHvRn+F9PeFQhocOjvfgRWJmGiSsaY3mhU",weak,argon2id
656,gregorygreer,"$argon2id$v=19$m=65536,t=3,p=4$X7T7pgO6p49dUBtj/jV6mQ$nBEzf9+SlufNsgLyBxBWaikk+IemC85OYrvQ/liLPZI",passphrase,argon2id
657,yhoward,"$argon2id$v=19$m=65536,t=3,p=4$VlDOuHGpRn2gaitA6clVYA$Ao5SdiXjAWjkjSDnOqHnIga5HHDHQasRwj7T8wWBcnU",random,argon2id
658,emilycohen,"$argon2id$v=19$m=65536,t=3,p=4$4tfHX4U8uGGXHgcNtjL+4w$f5wJXcNdbvGfuWxhtnDaSkRn4RhjIzBFmBbrNKQJN5k",passphrase,argon2id
659,waltersdaniel,"$argon2id$v=19$m=65536,t=3,p=4$Ycfocud13C3MyTkrrsJdbA$zKGBOhQxc/rkVd85QByGSu8nH5giFuDy5CmpFOR6jWI",random,argon2id
660,cesar03,"$argon2id$v=19$m=65536,t=3,p=4$SYolE5BZ5lTO96ldLSyCGQ$NRbCQOxc7O4gKIS97GlMXAsoGEpw/1UXZNn0uSFLSPI",strong,argon2id
661,andrew95,"$argon2id$v=19$m=65536,t=3,p=4$pWBWeWGfRZZSfWK/4s0MIw$qlgpER1d/reCnCNl8YHVpWcKOAZ4W5ZLs7D9dvaasBQ",random,argon2id
662,ashleyroy,"$argon2id$v=19$m=65536,t=3,p=4$oWimAx5I8wzVIZs9BuBdgA$11CHrz4xdByOQByUxhVGDvJs9ns/aDlin/kYMsRnQJk",passphrase,argon2id
663,xdoyle,"$argon2id$v=19$m=65536,t=3,p=4$Os9fmaibuv943gd832wOGQ$VNAMWD31YnRzNiy2gjVWRjLBuN4nl6kOvc+yR0dV3aQ",weak,argon2id
664,andreanewton,"$argon2id$v=19$m=65536,t=3,p=4$5zSM2tIIDLU01gW9CUeBWg$V9nsEJwI5x+0G6mNWaK5etCiI66nQoak0kWq1M/CGOI",strong,argon2id
665,rojasapril,"$argon2id$v=19$m=65536,t=3,p=4$z821U8TACyH6BiQqXQTaMw$F3TIqdd/CEgLt6CwGhtPwxCcd6mI/5GpumqDLeoVpfo",strong,argon2id
666,qhansen,"$argon2id$v=19$m=65536,t=3,p=4$XgcnCiK8tLx/2EsSC9n7yQ$nVgQvpErGvrbCBGTRFdD5aUCkZtqWREY7gmXMeG9t0o",strong,argon2id
667,deleonjanet,"$argon2id$v=19$m=65536,t=3,p=4$prlGrw1YdGXX4vzd5qpRpA$ecSebEKzTuI6mZJCZwp2baCwcy6eihku05gkYqPmocQ",passphrase,argon2id
668,cummingsmisty,"$argon2id$v=19$m=65536,t=3,p=4$crrDd06Cttnc0bq32v9CaA$To1BxDwqYylUE+oL1+9iMfQm0C28os9MSVT68Nk2sTY",medium,argon2id
669,jross,"$argon2id$v=19$m=65536,t=3,p=4$ws5BCjmwO2Y0VQ9DxSHHMA$Q9jmZBI5xbWntWpJAaCVsoUGimOoO6LYwKRbiPX8bGY",passphrase,argon2id
670,jlopez,"$argon2id$v=19$m=65536,t=3,p=4$j0KVykWZSZs7hs/WydyjwQ$Ni9BAk5i4hqjXCo7LWWLIIyK1ox9PwdVwtUFxjJF0J8",weak,argon2id
671,danieljackson,"$argon2id$v=19$m=65536,t=3,p=4$pULSNSPBZG2V+cg02qQ2iw$lqeee9+qit7tCcS0aVNZmza0q5cTl2+4XqPQYkPiaOc",strong,argon2id
672,warddavid,"$argon2id$v=19$m=65536,t=3,p=4$TRIzaCuuQSxHlEwzQ9R1DQ$WG6coCagCAywnt72oWMHZE8k8A7niqwCzOC7pRS+za0",weak,argon2id
673,anthony51,"$argon2id$v=19$m=65536,t=3,p=4$OEqURBgKggTOzu9jo6pzog$yuy9IywcaTF7k3l7ZcRNw0kT5ix6DJdbWCCbFF8Prxs",strong,argon2id
674,adrian77,"$argon2id$v=19$m=65536,t=3,p=4$lREbL+kZHv6pHrr8J4V5WQ$GcynXgvGxjkiEyuQn4Hu6GgBFBZ1/ust+GC/qp3pM34",passphrase,argon2id
675,wilkersonbriana,"$argon2id$v=19$m=65536,t=3,p=4$T0+mRAShQrKulpB3oj1Y1A$IWcaRqeEK6AzPs+5Fd2qdCxHIRckGPrpcPs20GuH1rE",medium,argon2id
676,bryanlane,"$argon2id$v=19$m=65536,t=3,p=4$ALkMKlMKQCxQ8BjBKR1jIQ$sTGTcaKGE6zwt3Xx3EkTnI6b8d2XTKDhpNxBXTxlggE",passphrase,argon2id
677,jessica27,"$argon2id$v=19$m=65536,t=3,p=4$SqTi0T72XJAo2qzcY1bIWA$cL81rZXXy8IM98FLtKe4IYIs7w+UcgLKJ+OMkkKu3v0",medium,argon2id
678,hammonddonna,"$argon2id$v=19$m=65536,t=3,p=4$o2TOrZBsB5ACR/QBzzWxGQ$QAYEDcd5ODSy4gU37lVcBrbSq63DveAqkOu5fqds/zE",strong,argon2id
679,yjohnson,"$argon2id$v=19$m=65536,t=3,p=4$D2IlaNS2XSFQnAhjznyXMA$7MXwBwryY1+2E2mP2KCaIH+P+h76UTboEsFfiBoT+6Q",weak,argon2id
680,john16,"$argon2id$v=19$m=65536,t=3,p=4$vMtOtN5VhDPJmIPWMA5pkA$xaSGU4CWW1BNXtlZZLbFjARFx861cFyKYTAbBskssVc",medium,argon2id
681,dfoster,"$argon2id$v=19$m=65536,t=3,p=4$Dzbqv4ftWlmDPOnyTsQkzA$TpaqCt6WtCzjGQWUsVNFx8tpe7z3WoUJxDoM/Dx0920",passphrase,argon2id
682,hinesjacob,"$argon2id$v=19$m=65536,t=3,p=4$pTEp3+Ej7JwJhkbdfmt79Q$PA/nXLYpSzWmfvy08aDz799Kk9MCJjCxxRtjop8P8Sw",passphrase,argon2id
683,josephyoung,"$argon2id$v=19$m=65536,t=3,p=4$PXjC3YGiyuDLNv+SaGmvAQ$NWf0cII5XHw2ChHX1+qmGUpCadeTwj7Ki2VCfMP0Mb0",passphrase,argon2id
684,mitchellhughes,"$argon2id$v=19$m=65536,t=3,p=4$HieiCsOLJTiU1Ql+AJG/PQ$bX07kbneeWmeUq9PEJZWHj7mee++BdA+iCBbeMB0ayA",passphrase,argon2id
685,ronaldgrant,"$argon2id$v=19$m=65536,t=3,p=4$HdYSD4iVDsqGQvf4OsQspw$dHKT8WVd1RipWjJO+7rX0QNRtOivZbqWtAFrGrTVCJk",weak,argon2id
686,douglasmiller,"$argon2id$v=19$m=65536,t=3,p=4$atBbv0x3PkTEoX4TJciHFg$kc+kfXJlvpCQU+yfjJmY6JhWMtz4lOlVOPX60K+sd5U",passphrase,argon2id
687,gregory72,"$argon2id$v=19$m=65536,t=3,p=4$YLf4khH6pAwqRn6MeOK4kw$LI7JU3f2usJRz4Led5fSGZMcpw+0nTwltBJIWMLBBc0",weak,argon2id
688,branchlisa,"$argon2id$v=19$m=65536,t=3,p=4$UXgxmWrt0kJRxW8uSFqriw$FNbjmwW/843Fvk+WWAJNJIvpNToaxAo0FKo07JnRS+c",strong,argon2id
689,travis68,"$argon2id$v=19$m=65536,t=3,p=4$jZd6fvXO4PMsS0PD9rK1eg$CnRDgJ8dEo3fVXu7h8FDnINQgT78XmmZfe4c0DxnQo8",strong,argon2id
690,daltonkathy,"$argon2id$v=19$m=65536,t=3,p=4$KF10A9JMCLkcAGMaJy/QUA$qY3/JD6c6gmlbXkU92KzEiRU+WfUSOrlKOYQZP1MvWU",medium,argon2id
691,njones,"$argon2id$v=19$m=65536,t=3,p=4$wrQGtiyVeMXRxVHt9KKiIA$Zn4hNTw0TccSk9L1BbP+mynz76nek5glkaTiiv1mpLI",medium,argon2id
692,james51,"$argon2id$v=19$m=65536,t=3,p=4$7+uP8ZlPKkEn+hB8kZ0z+g$ZqduJe/I7ig5Dkl3o+UnVuWjXN6YAmRH+Y0mHWloyE8",random,argon2id
693,jacksonbrandon,"$argon2id$v=19$m=65536,t=3,p=4$WXwrqdQ1R7YSYY4ZUFvT7A$pfW5hRQrq4re5NbQOg2P5LQi9RnR5w8JMxRILBliAmE",random,argon2id
694,davisvalerie,"$argon2id$v=19$m=65536,t=3,p=4$5ynFtSuOtAoYQD/K6XoXrA$pi4f5EJEV2UaNNgP0hPxkuSToMVQYd3C4rixB0bHJkk",random,argon2id
695,jennifer05,"$argon2id$v=19$m=65536,t=3,p=4$/tB4+neza0kGjhp4X0pwNA$lk3u00Ax/wv9U++0imXhvcUwq9XIbW914DMJZQcdxYg",medium,argon2id
696,kburns,"$argon2id$v=19$m=65536,t=3,p=4$GrLtXf7HwCr7bhrBXqPjmw$wbkGaSINIVbpypo4fAZHBzpmAvtPOnwwCBWUC6Uq6pc",medium,argon2id
697,mlopez,"$argon2id$v=19$m=65536,t=3,p=4$qmrvREMKT2NC3aJFl8p0DA$BrxKFXiAPihdvKCNcfT+zcHixFaWRiyjEEgxUWZUMfQ",strong,argon2id
698,avilasue,"$argon2id$v=19$m=65536,t=3,p=4$f4D/vP4qQ5BllWK0iXfoQA$WOh9V7Rmdq6MWYHut8NEVd7zH+tExhz//lKFJgwZegY",medium,argon2id
699,mwilliams,"$argon2id$v=19$m=65536,t=3,p=4$0dbAyQfxGsvNJyPUyWBd6g$kDYk/PVF85EJ2VJnHSodXfZZ66kgO9NffHGhTtM7JlE",random,argon2id
700,stephanie37,"$argon2id$v=19$m=65536,t=3,p=4$woli3ztcXq5c7I+Zss20rQ$Vuf+f91fAUZQg2xFvXjAiWDsdtAbfmNNGlpmhS9zYV8",random,argon2id
701,alexdaniel,"$argon2id$v=19$m=65536,t=3,p=4$MvvzgBfN9NyT0OQxQVLPAA$tI2ECfeLzbYI75XGScxQzdbutEkiwV7TpvhcpEM/1fc",weak,argon2id
702,bschneider,"$argon2id$v=19$m=65536,t=3,p=4$T3z7Y4TwDhVtS16R4dlp/w$8MkfGMYeETSMWEKp2RFifwwVK2RNpa91eWy9B0XPid0",passphrase,argon2id
703,careyjacob,"$argon2id$v=19$m=65536,t=3,p=4$Aj3RVYr2Yh+d3NiGx9dkyA$T1TkOuWWCRvrBM07RwH8Xdl7yCuDDxEemM50WcLYme0",medium,argon2id
704,jeff70,"$argon2id$v=19$m=65536,t=3,p=4$nP4THO8/32kmoGekgAhTYA$VAITzKeg+L7/yZ9G2InBSVV7yC2HBA6CLqhgIxwpFJY",strong,argon2id
705,achavez,"$argon2id$v=19$m=65536,t=3,p=4$L7wisA9L73SiPDbfu6wZuQ$RV/XMFvPte9uLAB+l6KFttqFygl1Uj+A8w/htxdILBM",random,argon2id
706,smallelizabeth,"$argon2id$v=19$m=65536,t=3,p=4$8ZGgLfkPlTsWSXy6A4zJPQ$k65rct2ryBoWiS1JQF/U6frAP8OAaL53/5Yi8abt8n8",weak,argon2id
707,rruiz,"$argon2id$v=19$m=65536,t=3,p=4$yCQnBLYzJa3m0GEJ1rB6Dg$jHgmsQo925lTW6GmW6OwWDphMGbF+zYNl4ENAm40Kyw",passphrase,argon2id
708,tammy01,"$argon2id$v=19$m=65536,t=3,p=4$33QX0EqAOSugbwvsJVQt+Q$qOu5pPhNV1irqDn0LYtX32OwYrWpzF8GKhXDkyLZp9I",weak,argon2id
709,zjones,"$argon2id$v=19$m=65536,t=3,p=4$udQ6Mp10Q26zDLUwWpmTdg$utu4QmrHaOHn+LzeBFYNxh81WMCiQnsKW/rteypwcZk",strong,argon2id
710,gregorysims,"$argon2id$v=19$m=65536,t=3,p=4$0HgeSNR5oBliBjo5YbbbKg$I7yZ1hmz7dbiLuuCN6b54imRNEK0dywbSh8AstLvKEU",random,argon2id
711,wgarcia,"$argon2id$v=19$m=65536,t=3,p=4$kpf8jHScCSodR6caKFVY4Q$OrI/mvA4OBDAddJ6MY2z/g5v5ORKeF8UEdB+2GNYgAY",random,argon2id
712,rcruz,"$argon2id$v=19$m=65536,t=3,p=4$oaMwKXTd+s2NoMtcGiCYHw$hu800PRGbSCNUUc7nCaJJO2OlUgkQ1l92cukmi86+3Q",passphrase,argon2id
713,kburton,"$argon2id$v=19$m=65536,t=3,p=4$K5KUwq7forDVpGl7bl9q7g$PnHAg3TbKR3dk/WK9jNrXtFQoQg2p5DiA/o0FGkWU4k",random,argon2id
714,fmitchell,"$argon2id$v=19$m=65536,t=3,p=4$ymEnhdFzSVLqt3OULAmjcg$XjllUeTGH/cE6cfhlYQgZ0egevVPGuxVdfI2DlRIUYE",strong,argon2id
715,mitchell25,"$argon2id$v=19$m=65536,t=3,p=4$y3HnuxPgyiJ1PAqq0tZAaQ$c9n4yABg6XZ2hGCjNlESD1zkgkWwUSrnOujOCM0w7SI",medium,argon2id
716,grasmussen,"$argon2id$v=19$m=65536,t=3,p=4$i8xD0b4OtBVDkaTNqTMf0A$GYGXlhLR2v1nNilXWnBDfnt6MPTbjTh9EK76/NtH3Ms",medium,argon2id
717,knightlaura,"$argon2id$v=19$m=65536,t=3,p=4$1+Vua5hfidHqFRtuXx9/+g$vDnaN1r7ElH7mIu/3ekoyXFLAEnKTKv4soTY+kM8nh0",medium,argon2id
718,tammyberg,"$argon2id$v=19$m=65536,t=3,p=4$mXIvQbQFLpYedDtqk5JYVA$W5smXuSK4qBMehxuelwwP6Y7SaR80pg1Vq5hW1cihoU",weak,argon2id
719,coffeymichael,"$argon2id$v=19$m=65536,t=3,p=4$aBagGZ9oybByY2CXUntwJw$7g4py2JkfCoxlvNr3inBDZoMg5oYz5x+GCov17Y3uiQ",weak,argon2id
720,kathryn64,"$argon2id$v=19$m=65536,t=3,p=4$MuyC3khAMOz/DO+GDzqEEQ$HUAtkekOAALmMGtNjI6axbQODKsv/XlSgoy/+E1SjRU",weak,argon2id
721,gilberttina,"$argon2id$v=19$m=65536,t=3,p=4$YbclRxr6GpfEHPx0K/6SkA$/gkOCm0xxsXBWl5IK2Luf/jhRpUy5GY6rDnJ/D5tl2Y",random,argon2id
722,fishercarlos,"$argon2id$v=19$m=65536,t=3,p=4$7NvOYqiCHphkqxEbSNNr5Q$j9WfN1s8jhVegUMtuKbB0/+0mYNa5ggBZ5ReEgtgDOM",medium,argon2id
723,christopher76,"$argon2id$v=19$m=65536,t=3,p=4$VwI/xW7y73k69CHdaVJ85w$/wucJSyxu/CIgJIfPZX/LqnrDq4FtdRzEb/DdCYeIlI",weak,argon2id
724,richard99,"$argon2id$v=19$m=65536,t=3,p=4$Hoq9MELoFTh5p2yzfsWCDw$UZu+xfndlKacNB0iWjmJQp28JAmF267s+f64mtVWYd4",passphrase,argon2id
725,dakota18,"$argon2id$v=19$m=65536,t=3,p=4$QMT2ES9BebgyinMtQYmuPg$tzFVCHfEb1tFdIuokEXv2qBAVeceqNeKQ5wjnZsfUHo",medium,argon2id
726,wgarcia,"$argon2id$v=19$m=65536,t=3,p=4$SrkS4I5rP4EcETLW4P9U5Q$DDtB32bfNvc4FQsDEnPVtSGBPW2dK2gDhew0mxq4enk",strong,argon2id
727,christopher53,"$argon2id$v=19$m=65536,t=3,p=4$F/GrCkic7cg8rdVjXczTfw$kmkTedkkHrU5ClRpg6UM7wgBdGWu5P83+AS25Y+R8Pg",random,argon2id
728,gregory52,"$argon2id$v=19$m=65536,t=3,p=4$LGobqyuGfvsPCuWGznZD1w$b1vmmKjlEoX7ajBQosbIQpR4fxO3FSRVqbvTUVUnr+U",passphrase,argon2id
729,donald19,"$argon2id$v=19$m=65536,t=3,p=4$Jf9zK3HeLG9Kip2n6meTTA$TGwPC0VxVRiCQGfc3ZBwYv/2MGcOp5Z1XMK/lsA6oZ8",medium,argon2id
730,mfoster,"$argon2id$v=19$m=65536,t=3,p=4$IH4/ibNszjprH+9rWXOa5Q$TXTp9VeQHqe+zdH/ITLGnK18f9AEV0gEUZvMXTky/6o",medium,argon2id
731,oneillsteven,"$argon2id$v=19$m=65536,t=3,p=4$DjlMCCp7YVpnqSYzdD10Pw$RehzUs4cSIi9NmHuWbgM3xXgtTYkm9Zah5nPeCekm5o",strong,argon2id
732,adam41,"$argon2id$v=19$m=65536,t=3,p=4$vm4T7ozjp4Om3ZXT8RIwCw$UVSXuaUdms372hYpRsYpwMkUITEZOQiIHl2MjDZKLWU",strong,argon2id
733,cruzamy,"$argon2id$v=19$m=65536,t=3,p=4$XBbTl9gY7UlQbpTLeR0WBg$3j/gD9dKpzZ7S6PEkhfBqb9GbIzY3uck08o6FhJayxo",strong,argon2id
734,cklein,"$argon2id$v=19$m=65536,t=3,p=4$sn+AKaRfjbOFxjlGJXDMwA$D4g6HnTwq6KCsSLF4fdEG7dswsZOdTXVneSlEwKQtlE",random,argon2id
735,susansalazar,"$argon2id$v=19$m=65536,t=3,p=4$twPYiP5ixfs143KCbgENeA$I34VWDWxzSEi1oN4uuqxHPdbcOG4x/gdYQ3HC5fe5Qk",passphrase,argon2id
736,jonesjared,"$argon2id$v=19$m=65536,t=3,p=4$WauWp6Qy+39YvI9+cl9OCw$fwN4erUr4WsASuR61mpXS2T10W8FwYdpJnG6AeloeUY",passphrase,argon2id
737,breanna21,"$argon2id$v=19$m=65536,t=3,p=4$S3vYPDLQZ/wTUmLQa/2BTA$tI5FRpvZMCgOzSflnSWaP55YzhnNIcE7yBDro2nhA3A",weak,argon2id
738,vsloan,"$argon2id$v=19$m=65536,t=3,p=4$mwz+uPpuYqkasMuXbu0TuQ$djONBxPXbB0wKfSRm0/hmZIoXxQ7sJvgT1qYm0P7pzs",strong,argon2id
739,lisa93,"$argon2id$v=19$m=65536,t=3,p=4$ze2A5OG4wjiUO9m9ciPusA$h8qt74W7f6OpePPozjPyPUqpTD9ZwJUJHmzRLFKS3Cc",medium,argon2id
740,williammaynard,"$argon2id$v=19$m=65536,t=3,p=4$eEZrEPPUferwZJg7TPva3Q$MFfqPWFLoQ21y8SVtEjow6G0h+tBbL6Auw6Eb7zea/A",random,argon2id
741,christian17,"$argon2id$v=19$m=65536,t=3,p=4$Pl6SalU1sJzmAiQ3P1u0Jg$KYjDrA61Pn9W4b+fz0nlWO10JluBEH6b8yYx0iQ9Cbs",random,argon2id
742,ylewis,"$argon2id$v=19$m=65536,t=3,p=4$XWXelviebfxz0RPGKt2PcA$5i9znxD0GgHG/gI9Y3pXmUbve7ZcgXtjwIXVc5NMcpI",random,argon2id
743,courtney49,"$argon2id$v=19$m=65536,t=3,p=4$g0ZSdtNFteHBVSBO+7ZN5g$XIEhoXSUWyzrX5Urj/4K0XBsAw2GaO59VW+pE8E3pLI",random,argon2id
744,julia05,"$argon2id$v=19$m=65536,t=3,p=4$dqVFe4YeY3YBYK+VvuBZUw$tKMmSrGE41OlAwP2r5AvuDGgWvteKQq8mIspqy0P9AU",strong,argon2id
745,angelagomez,"$argon2id$v=19$m=65536,t=3,p=4$LGCuPmgDC16IYXjyq2swbw$N4uMl3XoEYKy+g91hxb9H4oycfYxjkm+ZyEduXtDUxg",weak,argon2id
746,scott42,"$argon2id$v=19$m=65536,t=3,p=4$C1MxZUBumJhE6xiLOLm0dg$2n6obTd9uvLMLEa0wrYccjwAtu7d6+ymnjpC6gbHRJg",strong,argon2id
747,jrogers,"$argon2id$v=19$m=65536,t=3,p=4$efs3/4rZPS3tZ7/qMst+TQ$forj+oWQqK3K3SfMCEgKvmtPYH9O/ny5U1sko+n9xug",medium,argon2id
748,brenda01,"$argon2id$v=19$m=65536,t=3,p=4$H2DHn0zQJPx25yvaJbSYcA$okptoGMPzWWESx6tIFXwiX41qKmd94pndhpS7x24Jd0",strong,argon2id
749,christopher35,"$argon2id$v=19$m=65536,t=3,p=4$1+euJT+tzZ/3wokebPoWrA$w4cDwYBtTi1u1vOq5+M4dnMnnNQXVSdhpaX+jE7FUtQ",passphrase,argon2id
750,fitzpatrickmichael,"$argon2id$v=19$m=65536,t=3,p=4$g2PZ4rNXvULauVeaJD6fwA$+s8brihmaICR/gkZvJecAbeg9BeHFDNu2YKul5gDfV0",strong,argon2id
751,adrian74,"$argon2id$v=19$m=65536,t=3,p=4$r9Gqj/xT9scJwLBRDD7Cvg$/HeJ8d0AAQFnh3vu64OY07M5d+YTBoD1FcgYVsiywhY",random,argon2id
752,keith93,"$argon2id$v=19$m=65536,t=3,p=4$LP3olVmi3BGfNeNb26RuKg$28g48U9JDdt1k1GqQfbES1Wek0D91x7WRO+tPOwJ4C8",strong,argon2id
753,emily18,"$argon2id$v=19$m=65536,t=3,p=4$zhRoxMMApgw1byM4ZSZ1sQ$aBN/Iq4Ru4qBwrUw+EE/ogwdwrVGiCFOJkTbKFGY7FY",strong,argon2id
754,keithweber,"$argon2id$v=19$m=65536,t=3,p=4$+2HPFo53t9JuhKx3+XgU1w$6olUFHiFjbLAy03baqUy7UXBbLVrTBnNzKGTp/7z2tg",weak,argon2id
755,adamscassandra,"$argon2id$v=19$m=65536,t=3,p=4$c3xQuLEnn8weAp6TBKJf5Q$kokFQ3emAPQN9YPV+mIJxw7zUlEt1un0/DKDGDtdzfY",medium,argon2id
756,kashley,"$argon2id$v=19$m=65536,t=3,p=4$wESDwPEXCyURnQwmF8cl/g$Mb7ShTOylNnamlzU1Kpbtz/NLu4198KcIcy3hitwyEU",random,argon2id
757,abond,"$argon2id$v=19$m=65536,t=3,p=4$UouJkNEAxEN8G+d+msjMyw$upZfUDiKUTqwtgk777ilKuZH7z6pRkKwLKbbGbHiHPM",passphrase,argon2id
758,smithvalerie,"$argon2id$v=19$m=65536,t=3,p=4$xJGUVSz7ZqYx7eHzy2MI5A$zgQSHoFst3tuJzQLPJ4mSNj1JqERMvojQBGCwxcqf5A",passphrase,argon2id
759,melissafrank,"$argon2id$v=19$m=65536,t=3,p=4$O/7Gw3h+s5Msj1iR9T0DaA$J8sKIZwBDi++KDf0QiNELTO+9kxwXvOdXya0gk1+/eU",passphrase,argon2id
760,ariana57,"$argon2id$v=19$m=65536,t=3,p=4$UuXkQKPGpOHnBYRPLlX5bA$qOp0YH0u1Ycq+xjaacorftGxHaUqqMtdDuNv+TcmKKM",passphrase,argon2id
761,vdavidson,"$argon2id$v=19$m=65536,t=3,p=4$TfaxH3F+XXECY6lKOQ7Rqg$5c1j2bj3zP4P550KHtcTNtO4IKF5czGMiSUyDksG6QY",passphrase,argon2id
762,rchen,"$argon2id$v=19$m=65536,t=3,p=4$lBmV6o+KyEIytqWbt085Ew$OkgFFC5HHYQ13895HHLiz8Lqg86C5rPnO+cAkAR7NkM",medium,argon2id
763,pleon,"$argon2id$v=19$m=65536,t=3,p=4$VFKvOP+vh/eAmtY6HqAg4A$q4jSJCLrKoTT5tuDuTj2Dse5wDvKpju8R+33SyY/TNE",passphrase,argon2id
764,ryan79,"$argon2id$v=19$m=65536,t=3,p=4$JQJHvLeuTyoy6UwBsHO76Q$nXO1zsxXSRJNdaObWqnMg1PSvJtb15QK/G2pjC6dWZA",medium,argon2id
765,brianwilson,"$argon2id$v=19$m=65536,t=3,p=4$ZSUtrD7cSIhYO7MrBafwVg$HXbTMYXCh2Xn3D5f7VH3DevNNx4r/jScK48CGUGLGkM",random,argon2id
766,stephen23,"$argon2id$v=19$m=65536,t=3,p=4$WJo1fwDOfNFBh0lfkQ9wqg$g2tKtP2wrRICI44iwFVBpUVXL/hQDZU1HP6sYOMgFPM",weak,argon2id
767,williamskelly,"$argon2id$v=19$m=65536,t=3,p=4$hgGmgJMI9aN1EIts3jdyUw$x25vOaPZR5AvdT1fYVEoqPfxfGiegqUqejcckc/QFP8",passphrase,argon2id
768,smoran,"$argon2id$v=19$m=65536,t=3,p=4$fpAjVW3xdr9SHXpIh91OVA$zwQR9+yxZ15mvB/3q2yfUejg1eU1F7dgvjVjlCINvI8",passphrase,argon2id
769,jenniferdaniels,"$argon2id$v=19$m=65536,t=3,p=4$6FuWwZHTDEAwF4Y2n6nyAg$QXR1toAr0mUlOOAjbYmjR1v9/TAakgS25mjlRckxRcc",random,argon2id
770,michael91,"$argon2id$v=19$m=65536,t=3,p=4$pAb61UjpQsq6KrVeDZsPzw$w5JQ4EJ2qIEP3BVoL+i6sbZL/84wSsF6syeUAJNYtUg",medium,argon2id
771,sharon41,"$argon2id$v=19$m=65536,t=3,p=4$HWAZ5pF6nhCF4ibJMZjgLg$7lEwSU7mBtHdXWvJGHqSzPEahJT0uA6n3HqyFCObgXc",medium,argon2id
772,rogersrandy,"$argon2id$v=19$m=65536,t=3,p=4$+uGqKpGaVavtQz26byvLUw$FQnYyOm71kZgEJ5VXTNUmQRt79a+9hIc9QIFjjZ2lh0",passphrase,argon2id
773,lisa84,"$argon2id$v=19$m=65536,t=3,p=4$LUkTNJs5H01M08mFEdJqlQ$uS5XHjmxh39ehrLEjKK3/JIcavqsRiDBiJutIBQ0yAE",passphrase,argon2id
774,jenniferschmidt,"$argon2id$v=19$m=65536,t=3,p=4$EdQu93lUFC/SD39RrUDQTA$L2vb8MYemHP4e5IEW+xZolnoNsxFm/b9an50UxbnaCU",passphrase,argon2id
775,allenlee,"$argon2id$v=19$m=65536,t=3,p=4$3IXx2caAO21gggS3eMTNpA$O8G7dhH4VHWnucxfAdF26dSU+6WAVRI3T0B+toZbyFA",random,argon2id
776,mburke,"$argon2id$v=19$m=65536,t=3,p=4$C9O3Em0iZaF2rjQFU4TS7Q$VXIhnjW7QDo7waA0caPs/ec3ijrGc/H8/JVEuO0O78w",random,argon2id
777,derek71,"$argon2id$v=19$m=65536,t=3,p=4$gMfVr8uzxOntpDpxk8Y04g$3Uy8bDJJRvzPU8l2oSi7/fwd4B0JGjQZVOHhpuIPIaQ",weak,argon2id
778,castilloemily,"$argon2id$v=19$m=65536,t=3,p=4$FsFANkyLcpQW1VIZUIMLwQ$qqENFVKtgAGp3JW2frSPfTlEYIGuSNlBCemIG9R9nDI",passphrase,argon2id
779,dmora,"$argon2id$v=19$m=65536,t=3,p=4$kKAQ7C1+y8zIFrDUPmLd1w$WqqUWobOvdekmMp18r1TLYN1WHXEr53I4FfaEfEHTxU",strong,argon2id
780,james41,"$argon2id$v=19$m=65536,t=3,p=4$OmBHJLFwbh+Su8lSS5OQAA$MuDsxgzMGBC8Cq0+d58gJ2DKueT3soN+dBb8+dWUnpI",strong,argon2id
781,alexanderhernandez,"$argon2id$v=19$m=65536,t=3,p=4$dqjJZacuVpt8IS3QPKnM4A$BZwMM6sAc4DoOgj8R7NkJVxGHGKC9DHAIVSokQR/L64",strong,argon2id
782,bsexton,"$argon2id$v=19$m=65536,t=3,p=4$O/tfwclmB78xy/uGbxgHaw$9yM1eq/ig3mlAo6QXhSOLukYy/ZERpM4JL7VF87X9fk",passphrase,argon2id
783,vegaseth,"$argon2id$v=19$m=65536,t=3,p=4$m7G0ZIcs/dsLhQt80wfJBA$fZJKDogBurkBdg7HPoIAiFHx4OWDN6QAzpwuCqPBfz0",strong,argon2id
784,tiffanymarsh,"$argon2id$v=19$m=65536,t=3,p=4$xJcOTBrH0wCPvLn5jAs3/Q$Nzt7xKuGrsw5NMJGrTKo2rzcmil1PyfHCshu4k5HvGI",strong,argon2id
785,rodriguezdouglas,"$argon2id$v=19$m=65536,t=3,p=4$ABEculHM3I+A2/It4SGvdg$WzPn4DTwB66hSLjU4bEY3OF0F8iMOxzsA2PXQ7KyNlM",random,argon2id
786,timothy14,"$argon2id$v=19$m=65536,t=3,p=4$ui53F9ChmCWtiBp7qpG4uw$zk9joHPSebr8tvRFBnjcn7+89wamO+NyFh9IMc1tu0Y",weak,argon2id
787,adamsdrew,"$argon2id$v=19$m=65536,t=3,p=4$3uOv+NBh3gkKrGZHPfcBoA$wGTCxHEoXpuzskh2gZ3GJH5G7FLPOswuWVgAXwiGBaU",weak,argon2id
788,camposshannon,"$argon2id$v=19$m=65536,t=3,p=4$zBRyCIE4VKcHe5wvokzVuw$Fzctk5RCe2A1D00qVfDFP7ga0FCSc6MuKPpupKs11J0",passphrase,argon2id
789,rosssharon,"$argon2id$v=19$m=65536,t=3,p=4$9IQwAZwUTk2PPzqjXO8E0g$ckPXgSvwaIxwplk/1W+BcM34Kot+e/WXuRf0eRUZVr0",random,argon2id
790,daniel82,"$argon2id$v=19$m=65536,t=3,p=4$vWk+u/zodarF+q/f2ZtUOw$Kw/jASz650rCsFYZAod3jeliREf5obJ0YW6WfMhCRZ8",medium,argon2id
791,obrienjeff,"$argon2id$v=19$m=65536,t=3,p=4$Gjv7R46gqbKDbQRRLqc6UQ$jAVlzgKSjngSm+v2JmPSzeLBjg0vrCGAby8/pl1E5lg",strong,argon2id
792,droach,"$argon2id$v=19$m=65536,t=3,p=4$RIlSGYZf47hRVPTVsDQYqw$H2menwYSt4qEF7sD83xDr5pHHdIu9xVaeO9mVUyuhKw",weak,argon2id
793,mariopatterson,"$argon2id$v=19$m=65536,t=3,p=4$AzhiBF9bOaNiVquyCR6TlA$4e857sfvhqHM5BMGTT8gh/zaIyvBydLS/hOO996S6a0",strong,argon2id
794,kayleescott,"$argon2id$v=19$m=65536,t=3,p=4$FPLg5CeYjFCxa00PEQKIJQ$0xRTMVQUY2Kq7zQpPTm5zAOyrikyq7usE0lcS0lOFGo",medium,argon2id
795,kellipetersen,"$argon2id$v=19$m=65536,t=3,p=4$ep0z5pwsySaYq7RLkOG9cw$+SpexDgkGzH9gcG24p7n3AtEwHxfTl+4BT92pEtMGok",strong,argon2id
796,kathryn64,"$argon2id$v=19$m=65536,t=3,p=4$uJNZID40wkQ8RAl9EZG0BA$bY0pBMN9yCle2+/NzG6RrLooHQMagZJfFM+FuiBb9Jg",medium,argon2id
797,yellison,"$argon2id$v=19$m=65536,t=3,p=4$MXU+Vc4jyHTSwydqWcyhhA$GFMdAULlc7i0qAV4yeiXBBBRFXIpqmC1xlTs+Lb9MPs",random,argon2id
798,alexcampbell,"$argon2id$v=19$m=65536,t=3,p=4$S4khcTh+1XircI1eCyRTNQ$xJKctk1+z2HIzc4ony9bLl3EGE9GltTDHa6uN1rxONo",strong,argon2id
799,susan72,"$argon2id$v=19$m=65536,t=3,p=4$HdqIHVgv1Ui2ERJ3Vd65vg$vmMwzPfCdLUXSFofldpWrYzU6zW0eXim/aswQwdFaGQ",weak,argon2id
800,craiganderson,"$argon2id$v=19$m=65536,t=3,p=4$oa8dXCYxXvX5GpP/V3ph0w$SotBR7DuqsjX10HHSShWCjpPGWlla01U7iragdRx4jo",weak,argon2id
801,pdavenport,"$argon2id$v=19$m=65536,t=3,p=4$/DIHn6taMwVpvwXuQIs4VQ$jVcQxQlQGeQIDs7yRRZXePKodSX70hZCKCS9xgpiA2o",random,argon2id
802,yyoung,"$argon2id$v=19$m=65536,t=3,p=4$MS/B4QwxtzTHzM+mVOuJZA$o/lYemh3pBlSBw6bsdAHZfqPdYSJpWXtJNjmv3+W+p4",medium,argon2id
803,lriley,"$argon2id$v=19$m=65536,t=3,p=4$hIbRHtqHLRgdzOCi7vGvvw$K6Uk4Oz5EHG0+cd97YFtk9jzZOqXxnpZ1QHLTlzkgi0",passphrase,argon2id
804,raymondelliott,"$argon2id$v=19$m=65536,t=3,p=4$wmB1iuZpkMkjZzt4LTgXBw$tl1rSVuAHhIVlDqkPVEKP57p52/SuFw0g3a2v4i4lAU",random,argon2id
805,kylewilson,"$argon2id$v=19$m=65536,t=3,p=4$rn5RuArYBURPrT77FPNK3w$BiWSqbPzcJLLjJU2nE8OoWUSyU0tVAYyHybPcvvl2vA",passphrase,argon2id
806,qsmith,"$argon2id$v=19$m=65536,t=3,p=4$VljF/eoscBnm0zowVW2lWw$fEM5hjsVEv2C3bY2t9+RhmgBbaQlAo7Ln6mTHLe4MwU",strong,argon2id
807,adamkelley,"$argon2id$v=19$m=65536,t=3,p=4$WzCR/TgM4Hekprf/mfHQ0A$I5xwWyn0Up/EL+PaT1hVkp1Yu87Cmxn/UuZhh0Qe58M",strong,argon2id
808,pmercado,"$argon2id$v=19$m=65536,t=3,p=4$eL8ZYB7wBxFlgO2/yioxiQ$yVgi/gkQ6Fy+wP6aNjc4HVZZ43LfLTdIUBVjOGCUQVc",strong,argon2id
809,gouldmartin,"$argon2id$v=19$m=65536,t=3,p=4$9EzeAexPoUxEoejnt9tK/g$EL3IxscsZu6l8HVb6svkqpCy520GHilsBETKjRHvlFc",strong,argon2id
810,michael23,"$argon2id$v=19$m=65536,t=3,p=4$ZwROGAq1KGnvpzVDPCWIBQ$6QEaMNDc56tz8dVK16CL6ozQMf/Bfos+M6CWwg4MdZI",weak,argon2id
811,gonzalezkeith,"$argon2id$v=19$m=65536,t=3,p=4$L6jDvozMkJJEI2YuMc/4CQ$P7udbs/P0Mow+/94H8aZIsy9vp3lw4NUZ4laFY0Xs0E",weak,argon2id
812,mshields,"$argon2id$v=19$m=65536,t=3,p=4$F+MSHTndVTxqwL38XrYY1w$M9bdD4jZzHYpgHvG9dh7KrCsovDc3qnfcn6fR3NMRgw",weak,argon2id
813,burtonsteven,"$argon2id$v=19$m=65536,t=3,p=4$1jsKzd40dP8vlKPEpoRgRw$lbr7PAk9DRS23TtCZVb5BT/fzaHKLd4+xzw6De2iY/s",passphrase,argon2id
814,paul24,"$argon2id$v=19$m=65536,t=3,p=4$YgwsomIsCc7rHa1sYcsA5w$uGDcHRXeiAz9AmkwE8QTSeY2sK7a0nX96C8iIqAd7bY",passphrase,argon2id
815,emaldonado,"$argon2id$v=19$m=65536,t=3,p=4$1uWvlVSDLY38vhpUbFj+Aw$foymSc28/D3wYgILke7Lo3q3Db4/dpkzVvmRxRfS3C4",passphrase,argon2id
816,mcmillansavannah,"$argon2id$v=19$m=65536,t=3,p=4$f3nAfnqqVEGYw6KaDiq+Rw$pD8legnsUUj21eZmddBjjXsJEF5KJFOBhUwHJuUS0z8",random,argon2id
817,reynoldsamy,"$argon2id$v=19$m=65536,t=3,p=4$LF35/CD/gVNlKqi1ZHodgA$/r1Vdt0qANyjXWj/71XwFqONI14HqIe9FCuoEIn+6rY",strong,argon2id
818,laura71,"$argon2id$v=19$m=65536,t=3,p=4$UKWzQ8Smu7K1KMdDVxragw$8Vaq+3FOsx5pVXlFIFu0qe10Jd/8ThUz5WciOPqAxsE",passphrase,argon2id
819,loganwanda,"$argon2id$v=19$m=65536,t=3,p=4$dg0Xn1M4O2Xfv7YsoVYmKw$0JSstnhcjSwwrriopRWUSUwkcSiTpsxlsSJ/svo9fus",weak,argon2id
820,wvasquez,"$argon2id$v=19$m=65536,t=3,p=4$TdZSjJqY/00yqwl0rn9okw$O+bkN6owussd8PilpuV1TswP2j13gd5CwE6tIlr2HDE",passphrase,argon2id
821,ericclark,"$argon2id$v=19$m=65536,t=3,p=4$XvSP+AluPlQRN3th2/hYvA$iVa50bUpTaP/jcFZ3RZeEYhh0pfWXAOCc5kj/4LM7+Q",weak,argon2id
822,ellistroy,"$argon2id$v=19$m=65536,t=3,p=4$xymR5lIxRYcFS2A4WXph8Q$fhzF2hrlEH7InOy8Q1EsXzAT2djMuRwNTbQ07dexdkw",medium,argon2id
823,kristina92,"$argon2id$v=19$m=65536,t=3,p=4$JFSm/a8z7QBZ/TYhSYvrZw$pX5ewHccYN6hiEMQf0LTAsQfqmIo4M39Gmy2eJLxU+c",random,argon2id
824,ericflores,"$argon2id$v=19$m=65536,t=3,p=4$SVbOq5pl+qilcnC2sxMaNw$/XvulrHJlaqs9w5Slvs65KWbr/ZV3opXrMTgjaCj2R4",medium,argon2id
825,rwaters,"$argon2id$v=19$m=65536,t=3,p=4$yvXxgryJIsC7OOBl3TeDuA$x2mtvcqGFc5fFFwf56fu4NjGKgppXFffTf5OGHBNwEE",random,argon2id
826,pamelahaley,"$argon2id$v=19$m=65536,t=3,p=4$234q1V80qrgRv814GjZWSg$ZMw5kUhEYK6bB4u7nSu4IJPQlxWoD8klkSnq8O06YJ8",weak,argon2id
827,deanclark,"$argon2id$v=19$m=65536,t=3,p=4$BHCoYNYlyWzJvhuUQQBK6g$hvYJP2AJeYgDtmVtW8eeKHlKT+YVs3aBdSLB+RvW78g",weak,argon2id
828,richardsonjessica,"$argon2id$v=19$m=65536,t=3,p=4$E3nqzOOtP94BPJSzNqIL1Q$gS6QO+psM2pRV4iwqJSw7/bZqoMQVZk67FO6O2ZMVJc",random,argon2id
829,thomas86,"$argon2id$v=19$m=65536,t=3,p=4$a8fytPSjaVkxLsIMo1VGkw$vZ5to9Ii9D3uFhbXKDvZ3egJ5CyGLAM7gf6QSUXlRz4",strong,argon2id
830,mmartin,"$argon2id$v=19$m=65536,t=3,p=4$V7fZUMWnor9MsXL9FHWbSw$CYoAKDTB5s6Ma4KHwGX37L4nB8h7OOmPNRL2u1aZHdk",medium,argon2id
831,derrick52,"$argon2id$v=19$m=65536,t=3,p=4$cFKNJLN79rxDR0YMAAarxA$FOr7vA2PVJMeg1Aosi7Wc4NwysgjpYG7QDmFX6RSM88",weak,argon2id
832,drakedominique,"$argon2id$v=19$m=65536,t=3,p=4$xP0VhCUEENgE9J7YqV1Zuw$GVgdx1B5EhPSv2uLez16r+LrmwGYKuF7H4PZWWOiwn0",weak,argon2id
833,abigaillevine,"$argon2id$v=19$m=65536,t=3,p=4$0PjIl31VVCGqpzjJkIlx5Q$ABjnZZ9E/YTYtF9oqNDN6YcDVCSt9zXILpzFh75qzzA",passphrase,argon2id
834,qjones,"$argon2id$v=19$m=65536,t=3,p=4$gNgEoHRif4B48Y8xJ5uZJg$aAx9a3yoO4enSIO8ZSB99wkyBYczCB4PMx8QeLVBHAQ",medium,argon2id
835,misty86,"$argon2id$v=19$m=65536,t=3,p=4$Kpm037ov6rIzvqMYMdPWvw$aHB/k8/6X470YgMCD1oOOUUdc7jc91QgIAkDWcTZs3Y",strong,argon2id
836,wesleyroberts,"$argon2id$v=19$m=65536,t=3,p=4$i+rSscsofVr1dW3KP82GdA$neJFXqO3XGzMDpmK1CnLl3CX3LTmjpJWaMlYxun9wYU",medium,argon2id
837,isaiahreynolds,"$argon2id$v=19$m=65536,t=3,p=4$8iQVZI+wmZ1K6nWjNqw9qw$L0i2deHUZ2qUZwu+8gp4+/c9k4hFK48Kpe9T0pRh2F4",strong,argon2id
838,huffmannicholas,"$argon2id$v=19$m=65536,t=3,p=4$lmzKjXu5jZoKHlzbsLIcGg$c68Zim56eGPq4Lk8WqvlNjeSGsOuLmVO8PLJwHDGRtw",passphrase,argon2id
839,edavidson,"$argon2id$v=19$m=65536,t=3,p=4$Rl7LB9tx6Vm6PZ9ILwPujg$gEyrOD4ZwSmeF4lTDBtqTo4TKq0S/4TCJHhY6GaLfak",random,argon2id
840,philip23,"$argon2id$v=19$m=65536,t=3,p=4$3MFHw0lwexE0txKLlhbfyQ$TTXrkT1UHait13Cilf8JfouXkXl4Rs84J/QJYa8Ybdk",passphrase,argon2id
841,lanecathy,"$argon2id$v=19$m=65536,t=3,p=4$YzHX/D2yf/uACskDy8v1yg$WEWxuuLVZvXlm3/4TnfPMa470YFOyCIt9zf7jXB/Snk",random,argon2id
842,jacobsjim,"$argon2id$v=19$m=65536,t=3,p=4$+8sGa1+X6SWDV9Wr2knN/w$9j2iOmdP4Q6SW4BhWJFTY2owvGyNLCUO+fFuVNr9/bo",strong,argon2id
843,nancyunderwood,"$argon2id$v=19$m=65536,t=3,p=4$7Vjp0pzb/UcRZmUIgSepcg$SQunfrn2o2AoP1UZqyTBU2U3BNe0P4YqV+wGvQ6NGJA",random,argon2id
844,richardgreen,"$argon2id$v=19$m=65536,t=3,p=4$mZc6X0wLdlseR7O8f+g1gA$4CWw0vkblc7HcYpHEwk3ttxrTJGvpDZZZAJmUHzHjVg",weak,argon2id
845,nolanjohn,"$argon2id$v=19$m=65536,t=3,p=4$273fQAzRedR+14rb80Afjw$Ez8z0tdO13Y1sIfqKvqVEALHFx3t/hv6W8HXIENDHwc",strong,argon2id
846,jessicamullen,"$argon2id$v=19$m=65536,t=3,p=4$FjMdUR/oHDePxA2ikbhiXA$E2oTOIcHf+9xQOkLsySs9vlvdqKqu0D8nDmAcQZtO90",weak,argon2id
847,alex16,"$argon2id$v=19$m=65536,t=3,p=4$V1pfYguhF2ExsiwwSH/JjQ$y9sx0ZE50oaj61k/JdY8zczPRlyWN8rTP7exTXv50RQ",medium,argon2id
848,christine65,"$argon2id$v=19$m=65536,t=3,p=4$JZ8gmcuNHPNDWlhQbl9WKA$kGxBI2fm5LftML3LNKoH5lNAY+/L6hWNHbGt7BCjC84",passphrase,argon2id
849,nhodges,"$argon2id$v=19$m=65536,t=3,p=4$d6Zbtyoz4pvNWLovQBnr3Q$xZ2DuoHWsHDdW+AjH+6fD3BBdzOLauPbsp32n8StmPE",random,argon2id
850,craig88,"$argon2id$v=19$m=65536,t=3,p=4$L77ItQECKwPAYD7MGu6y0w$lKnPugLS1gvY/rGgske85sFe5IIgLnIKJprxNojbjOE",passphrase,argon2id
851,gabriella43,"$argon2id$v=19$m=65536,t=3,p=4$gyswuah8m7lmykgz36b7Iw$Vls+4Bjdg5EF9mQavDsQlKlrMu2TuRLqHNA74Y9iWB4",random,argon2id
852,montoyaseth,"$argon2id$v=19$m=65536,t=3,p=4$0JfLxMdVjidOqjsGfEqvPw$4XP/4hbdwzsO6ZGyh0H9SRIm8X9wsCxU2I8iyo1rF2M",weak,argon2id
853,coletimothy,"$argon2id$v=19$m=65536,t=3,p=4$IRosXNSZHIEbj5M2NXGzBA$E+DduRdzkQuJ3pxBKIyphLasNkoM6Ln/3b4wMZEMiKc",passphrase,argon2id
854,xbooth,"$argon2id$v=19$m=65536,t=3,p=4$l+ocfcantR61itSACAuZ/g$gcERUDm4UUJF+wDtw5PcFqSmSqkESMnEhDeVokb5ADI",random,argon2id
855,sullivantracy,"$argon2id$v=19$m=65536,t=3,p=4$MPkh488sIUcGHzDqLikSjQ$0Fp/T+gQ5YTDR++c1Y38ewqbEfIzVjhQ04lsINij+a0",strong,argon2id
856,walkergregory,"$argon2id$v=19$m=65536,t=3,p=4$FpOovKePx1rHqfVdE1Zclw$WQSqe+zYOYXFxr7iu/U1TmSLm7282G4V3qCPU5vS72s",medium,argon2id
857,nicole73,"$argon2id$v=19$m=65536,t=3,p=4$bsK7UyJGkby9K/CF3TsKpQ$zw5s24gnRNsdYgTrQyjD2Z7oinb/fR54PG/7QkiPKnQ",random,argon2id
858,espinozaamanda,"$argon2id$v=19$m=65536,t=3,p=4$1h5IR2p/mtzC2zPCigcWng$qW+JpHJKfwEt5V6Cozp5TfaKGS1jK64NHTqWZn+hnZ4",random,argon2id
859,jonesjennifer,"$argon2id$v=19$m=65536,t=3,p=4$upfXTK/fz+q1eNTVtsYFPw$v5DjTyEHXHZvzsJ6FyB3LlNHKi0R26ng4+2oqGDa6yw",weak,argon2id
860,fbryant,"$argon2id$v=19$m=65536,t=3,p=4$YZ8Y61Jqi/KkpA8tYbCkRw$SS+RBfKl4LOnmgpng2fH8r15tBHQOyUdMGAyzqMcc1U",weak,argon2id
861,maria36,"$argon2id$v=19$m=65536,t=3,p=4$a5ClDyvWAtlL8rkC+E6B2w$R+VZZfJi872ggJj40awrI1x17AWuVo0k7aod7V1OFxk",weak,argon2id
862,nealpaul,"$argon2id$v=19$m=65536,t=3,p=4$V/Fri3IMF0BMc69DL42A8A$dabWrd/Eu6tQFjN4lKfzUnZIHZMqxDXcAJOdHcjJoRw",strong,argon2id
863,rleonard,"$argon2id$v=19$m=65536,t=3,p=4$ZH30Erngzr7Bnj6LkVLK7A$2WYT5aYjDcERRAkqwGeBwL9PXGZEnUiIdBj+/Pz6Qy0",strong,argon2id
864,paul51,"$argon2id$v=19$m=65536,t=3,p=4$6w8KiHpqu/J2AQmQkf4iAg$BtfaVuEy/IJcQy6Cu/IkRhUAhBlL6UMgCQidiuCzZJU",passphrase,argon2id
865,stewartkimberly,"$argon2id$v=19$m=65536,t=3,p=4$aJI+rdEm1EHKXq7+FQN2UQ$uKL7QbA99Ixarcoo9CzB+VjiSNE++OPfh/hGjOe9KSs",strong,argon2id
866,james60,"$argon2id$v=19$m=65536,t=3,p=4$tbdLLHyYfUXd9qGnYMCqDw$5ippOgknx+VOD9fNyLLjesVsDrBs8wzg0dRpKdSVh8M",random,argon2id
867,barkercody,"$argon2id$v=19$m=65536,t=3,p=4$ouSzjiSal/V6tT/nhNOHwg$AU+uQMhuvn8o+7ays6Q+gulnZ4V9weB/tIuyd4liH6I",medium,argon2id
868,thomasjensen,"$argon2id$v=19$m=65536,t=3,p=4$MbJWasjonV905aA5DR37OA$lSjDZXSDvPFapK7VX0GowAQ0sECOyImvabvOatNgQbk",weak,argon2id
869,cynthia35,"$argon2id$v=19$m=65536,t=3,p=4$3N7/CHWJmPDhak0dEX1CMw$h9VqdAVwEH22+znonWb0zVfrWOTL1AF/YUqTQS048p4",medium,argon2id
870,cortezchelsea,"$argon2id$v=19$m=65536,t=3,p=4$6HCe4HJGByFVEieGlB+iOA$nPgf4m8EaIlRDJZJ0XdcXqOnrmKIFORcFFnY+4kl5PY",passphrase,argon2id
871,james08,"$argon2id$v=19$m=65536,t=3,p=4$z1C5CQ6Qs1z1TMUUCNUKCA$m1VE7tvorgMy/BTQBfp+Sodytv0PAMqReudJwPixQmc",passphrase,argon2id
872,hogancarlos,"$argon2id$v=19$m=65536,t=3,p=4$fCGsD8jm7apIEP0qsiN/og$os2rG3ohLuJ8jXkJYKZIwqCxE7YiniIq5LoMcMNQDBc",weak,argon2id
873,sherry50,"$argon2id$v=19$m=65536,t=3,p=4$pJTI26o+6qH9aCUfZ6PvAg$7Y2ouBD6Sk/OBJV8gsAyi6XawwFp545qhtGGAwzDm7o",medium,argon2id
874,stephenallison,"$argon2id$v=19$m=65536,t=3,p=4$cOVCRKA0rXd+mR/Z80PrKw$d4iQWsH2Z4dTMmx2a8tymokfDIcCTElAx4ZN/J/mgkE",passphrase,argon2id
875,alec67,"$argon2id$v=19$m=65536,t=3,p=4$mTkXxHmSjqNL0W6yv+AOHw$HYFhGRlTlghh5XkMG2/EjB5voT7Kt85+Zz9wyyG8AzE",weak,argon2id
876,mcdanielrebecca,"$argon2id$v=19$m=65536,t=3,p=4$4Q1FAHMTKboO5Xl12im0GQ$yZkx+0Z3rH2RDeNk84xEYoBb7KvjeBxJwWFqzceD2J8",passphrase,argon2id
877,scooper,"$argon2id$v=19$m=65536,t=3,p=4$FRhmHs/geqT9rx8Cxp22AA$jvbkGRdTADV+rCQm+wYtyw57YADcKjHT4wtariRI0+w",weak,argon2id
878,dfaulkner,"$argon2id$v=19$m=65536,t=3,p=4$T17/EQhkWEyEDEWLl6KSJA$SLU1IrwpeuDsjwdb4Hl4Vzs3e+e9gvokPcq/grhPHuc",passphrase,argon2id
879,lisataylor,"$argon2id$v=19$m=65536,t=3,p=4$TV35ve57FFM5fl47LqF8NA$XkqyRgttCjtEveI9uhG29TzAaKNTqfE9U4ARyGihCSk",weak,argon2id
880,wchavez,"$argon2id$v=19$m=65536,t=3,p=4$jCPPPoSvqeMpkBavXXYMBQ$yzFxq7yeuyOjsgGzPNPjUItoEn4kVFA6mn8jfS/X/L4",strong,argon2id
881,stacey54,"$argon2id$v=19$m=65536,t=3,p=4$O4VbfQJN+E+GUVJesm9p6w$tAbZgLVmVxthHtaKvaIl8CK61jSUjWbuxdUBAch9gH8",medium,argon2id
882,jessicajohnson,"$argon2id$v=19$m=65536,t=3,p=4$Q2IVEG0zSCYD7i6JPyBVrQ$P0Xm1SuzVhA3R0yye+HdR9ISQ1WNkHnAhNTGXSs5QAQ",random,argon2id
883,nmclaughlin,"$argon2id$v=19$m=65536,t=3,p=4$+hgSu88OIINnUrcUtnnt1w$sDQMQovz9zUuHKFx6SdXSsF2U+BDBa7ah5EMxN72FqI",medium,argon2id
884,utucker,"$argon2id$v=19$m=65536,t=3,p=4$58qSf5kv3xuDPCgXi+Uo+A$dvGraUEVL39WrRVkzvqoDkbEced+xbxldS05VIhzmy8",medium,argon2id
885,zjohnson,"$argon2id$v=19$m=65536,t=3,p=4$an24EQ92Hw2avbQ3s7E8lw$w6pFQmQORbra2QTGimYdfVwcXik5HU1tnWSD6BeArW4",random,argon2id
886,paulfitzpatrick,"$argon2id$v=19$m=65536,t=3,p=4$3y9BVEVYq2OU+67w0kNrtQ$3siLV2foGFqKDeZMPmIyZJ81Der64Frgj4ecEMGq2DQ",strong,argon2id
887,nicholas35,"$argon2id$v=19$m=65536,t=3,p=4$P0o5HRDexayr0g6Qzq5JIw$30myX/OLg731Zdfx4sOl9UVLGeHFjavZiB65gkH+39A",passphrase,argon2id
888,kennedyjames,"$argon2id$v=19$m=65536,t=3,p=4$e1ElloKmhMboH5So0UGZcA$TXIgtKglYowdHkwymfCBS6saX3AYmGtURAQQJrfRtc4",strong,argon2id
889,greensarah,"$argon2id$v=19$m=65536,t=3,p=4$5yWFxvJGmYvwHItlYBfCBw$0lqrjeFbragp1SBG3HEGegIXSL0+tf7dPHCOfuGUZq0",strong,argon2id
890,barajasjames,"$argon2id$v=19$m=65536,t=3,p=4$aRojLE5EbyAIg6VoxGk9hA$mVjlqdxTAHyjHJ/drT5utbMd1zK1HySWt2TnRvA4CLY",medium,argon2id
891,andrew85,"$argon2id$v=19$m=65536,t=3,p=4$TIo3f2zqjjZAHEV3zRJqsw$nJfe2+lhoZHDOtMbXOfQ2Q1AA67id3AhJUVIK3rURLo",random,argon2id
892,russell95,"$argon2id$v=19$m=65536,t=3,p=4$PxoncEU45NoEVG+duEI/OQ$Pbk1CP9tHJnptZypxagF1jClIb0EbC1BkFnTTNbiUyo",random,argon2id
893,karifloyd,"$argon2id$v=19$m=65536,t=3,p=4$dqi/bZ7rGoyMpDDl8C/DsQ$Y3oSuS/U4vdeiiGlXoHNnpBlfhFHmMkmU50oQazjkrE",weak,argon2id
894,riveragregory,"$argon2id$v=19$m=65536,t=3,p=4$B6e7SC/TFGIzn5rRxW/cTA$vDZU15NUx0ZM9s6jAzmzGJ8HBunIdrnjMFk2Bve1an0",medium,argon2id
895,stephaniemay,"$argon2id$v=19$m=65536,t=3,p=4$Zo891ZoYpTyTU30eTI6UJw$A+68FSBiBd+McE6WuFuy9RpIhqwPLGQhG33hCzUj//8",strong,argon2id
896,spencerlori,"$argon2id$v=19$m=65536,t=3,p=4$U6qe8sFeLdccvkxNWDFFAg$v6vfWKRmSpxHBlchwTlBpb6JlfRvdNhBorU3P6orTrU",weak,argon2id
897,velasquezdavid,"$argon2id$v=19$m=65536,t=3,p=4$46d5FMrlOQ09YG3r2TSxRg$8haHd+8hxN0kZK5B7uz3ZZJjk+jpQCC9euLzkzDah8E",medium,argon2id
898,sotojill,"$argon2id$v=19$m=65536,t=3,p=4$hSMV9RkThe4jsyLAl0g7DA$PXO+tmLkaDqYabov+44x8Lm35WWBfNiC+aReITlEzkU",random,argon2id
899,hgeorge,"$argon2id$v=19$m=65536,t=3,p=4$jb23g236QD/WTghayFzXrA$4oOIW4HIBgNIvf8TKq0+9t4tZi1t3ao/nEuIV2ZM66o",random,argon2id
900,colleen39,"$argon2id$v=19$m=65536,t=3,p=4$Gchhz7NUWgXPtvCeQVoZaA$dmUsIgqGncefm1lyLK0fhuOljAxmWbt5VJbmjeTgbUc",strong,argon2id
901,benjamin12,"$argon2id$v=19$m=65536,t=3,p=4$TWTlnyc0Ek6oczbuOa0iqQ$Yy/kwoSdXGO9puaWyRli4IIST0Bveijwf2Xm2GEcMlc",strong,argon2id
902,eric61,"$argon2id$v=19$m=65536,t=3,p=4$lkLuVDW9rHFiNqzIvVv9ag$HoXifVkBMktcYMWDcBQWKoE4BuLixPKw936+BVrpIWI",weak,argon2id
903,blake26,"$argon2id$v=19$m=65536,t=3,p=4$ot3U45Sfl9aBDgUgsIFXvQ$YwAvNdwqKh9u8QEspcKhRhpQBCXTtAPB5+2bydbDcz0",strong,argon2id
904,luis55,"$argon2id$v=19$m=65536,t=3,p=4$aN2LaHazIiTXH5kcPOHkgw$XK8+h3lcD1gq+vi0FwZVy2QmfqbQmJY89fOwiv7g0TM",strong,argon2id
905,mchristian,"$argon2id$v=19$m=65536,t=3,p=4$LYJr6lIcpmCLnNccDuiIZQ$7F9z3p8rXQZHK95TZ0ysrPWVTzKOi7D0R999bLYwsp4",passphrase,argon2id
906,gcannon,"$argon2id$v=19$m=65536,t=3,p=4$qDLZerbm3tgm+LuAQ4dZ0w$E3QCGRRFVgUA97mMhICRut81Kh1qJJ9e7nAljVEApEw",strong,argon2id
907,alexandra90,"$argon2id$v=19$m=65536,t=3,p=4$OHcHjBzR0vY43H19UHbKbg$Z9vRCBbvIv7BwRGt1qG+qehFxGA/BDSNiLX8TqO0+js",strong,argon2id
908,ashley56,"$argon2id$v=19$m=65536,t=3,p=4$aHZnEtybf1zfHCqhx6zqxA$CFurA9IjTBY8J60nDLb0er9SAEFAwsdyC63wHlXO/OQ",strong,argon2id
909,dawngarcia,"$argon2id$v=19$m=65536,t=3,p=4$4oFGvHHAjlM/N5Q4xn8j3g$m/zQHQPgvhYCL0oi9218rw/WWbx8iiI6HrlgnQjMwFc",strong,argon2id
910,melissa14,"$argon2id$v=19$m=65536,t=3,p=4$fj1thtPKRB41aC+vBjQXdg$G49COgXsYxrlyj3RRWPXmERqTO9oAC2WMVBMDkQJ3/8",medium,argon2id
911,salasjoshua,"$argon2id$v=19$m=65536,t=3,p=4$UmOf7trxt7gUgM/4+AlW/Q$wfO5NVsW8rX+bmEUgXWjGi2PXHBek1KBfDS3+nP3mc4",medium,argon2id
912,andradevictoria,"$argon2id$v=19$m=65536,t=3,p=4$i9N7Ic1W6dTiUo7ALZ5jDg$oFggBV7lyRDq5KM7Wr8LEWH3Isp+urDuGBgRDWmKFgA",medium,argon2id
913,bhale,"$argon2id$v=19$m=65536,t=3,p=4$ZJcZpC+psg6W0k9xkVJ1+w$SNsXaEPqupQXcneXkJLgN9XQncWVIxH1F7uzTYv80do",medium,argon2id
914,william08,"$argon2id$v=19$m=65536,t=3,p=4$qfvP8mKKgEhgffJOSXrIjg$SYJDQEN6HPueu2GzlVIaE/zUPNivcyILy0PcMD7OMRE",passphrase,argon2id
915,theresaburch,"$argon2id$v=19$m=65536,t=3,p=4$hf8YvSWNkJhSiZu3aWFI0g$iO9IpljzBAg8ruMc0NlIMhwZW2YiV4vb/IHECJNx2Ts",strong,argon2id
916,ericmeyer,"$argon2id$v=19$m=65536,t=3,p=4$9UxrRyzOszMOehGZowMeyw$LBKS5v+kpH+x2uvn5xQEh5klPS2Q1WlcmQCCHAFZG34",passphrase,argon2id
917,wmontoya,"$argon2id$v=19$m=65536,t=3,p=4$BFsL56xB2EuxFpr6jxVP5A$IAQmkOwB3Ziiq1RNJzktu2Nf6s1GS26wZjRp60jzw+U",weak,argon2id
918,acowan,"$argon2id$v=19$m=65536,t=3,p=4$eCyaatzu6V15zTo4Jn8Zqw$wLGG/axRKNQYsOF1f4TRE+o54553EulG+9ci0om8DHU",medium,argon2id
919,palmerjose,"$argon2id$v=19$m=65536,t=3,p=4$oevk0eik3a8DuKiz1mk3RQ$NHwml35/CkJgrzrHzMc684AVKWTUL8a9mRZ69bWEIHY",weak,argon2id
920,zdiaz,"$argon2id$v=19$m=65536,t=3,p=4$znUw7NVroHt/pAhLm/DUaQ$0+b1WRTbtysMFNXb1Ca7UpkUVqaBGrHGxkohkSWCH0A",passphrase,argon2id
921,kathrynpowell,"$argon2id$v=19$m=65536,t=3,p=4$pBfBim9RfQKfyW0USXmr2Q$7VfW2hqJa5n1Z3dy+YHLin5HGU0PGnkd2pgzzobId5A",weak,argon2id
922,mcfarlandmichael,"$argon2id$v=19$m=65536,t=3,p=4$4eEJxjOth63VOThV/Lzq8A$5h77OzWquI4NC22BKK4aqITzy/Ulx+DLrcl169BMQP8",passphrase,argon2id
923,elizabeth08,"$argon2id$v=19$m=65536,t=3,p=4$xROxZrtOcFllWMzsqs/8Mw$T7DpsL0WyRb6uBr7+74x8ijouVC5R8N/yIUgI418KWw",random,argon2id
924,lesliegraves,"$argon2id$v=19$m=65536,t=3,p=4$LZRmJl7qpxP/UbFQHaoErQ$lg1LdHoLlAuNG/Y2cuo4ByWYsu0kd53EJTrbXXS1xm4",random,argon2id
925,susan46,"$argon2id$v=19$m=65536,t=3,p=4$qqHxaJkJ/BA7pHEIzgx/hQ$UwpCSVOE6cus4AmE0x2/qSOTYWQsfv3nqHNpvsJE9Dc",passphrase,argon2id
926,dbaker,"$argon2id$v=19$m=65536,t=3,p=4$En1AT3ofty5XG2MaOuHcMg$Y3SgahzzP0/3wj9H7yRI+6vk04jDHAp4ZxPa0HlkfPM",passphrase,argon2id
927,christina23,"$argon2id$v=19$m=65536,t=3,p=4$sXroUB943aACmVOExXKBMA$+6JP9K3HTsjAzdcjZtUFV/xSuqLcUG98fHwmmEmZats",passphrase,argon2id
928,warrendeborah,"$argon2id$v=19$m=65536,t=3,p=4$Ewj6LLVxAUwiVxLqBtagcw$nqtTUyl6PuPd1y/XGibK89j+pZtxJz4J4FPUSt0zDIE",passphrase,argon2id
929,lanceavila,"$argon2id$v=19$m=65536,t=3,p=4$O/HrnfPo/dVsK0pktAuySQ$CuQB4p+TNgiTlQ0VUpbk0I+AGKdC0IiYCxbpL93eWHE",medium,argon2id
930,william93,"$argon2id$v=19$m=65536,t=3,p=4$di2d4JsLp+E/BLLuZdUaNw$UHOwyILt40G4vYZANlQSsLF1SNstYQmxpDaokZwCvSw",strong,argon2id
931,rhondamyers,"$argon2id$v=19$m=65536,t=3,p=4$xny3V9tCPG7TXjHSqRba0g$nGsH41xWfV1mT9v7c2u5vjXlVWvQl2O2r8SMw23I3r8",passphrase,argon2id
932,marthagreen,"$argon2id$v=19$m=65536,t=3,p=4$RUOUs0xl4SLDVtIRsd2Xjw$oNz10ow3fuj2JWPHa0LUb3gnRw0oZQGepK5VbT/8Xm8",strong,argon2id
933,turnerashley,"$argon2id$v=19$m=65536,t=3,p=4$L/K1wqii5/JYuiXnrA1Eng$LJWR0v9XV9w38WnnyjSeB+XzT5zwAsHi0LK81zM0VKY",weak,argon2id
934,hickskrista,"$argon2id$v=19$m=65536,t=3,p=4$2Chq718NBBqHTQtWGtIPJg$yDu1qilgxDo7n91PSkJNUneFNaLtcA8U2SBzG+X6Q1E",passphrase,argon2id
935,jessicajohnson,"$argon2id$v=19$m=65536,t=3,p=4$j1MRbLIyMq91kDPOFooJsQ$YW5jcvR08XAqFqlKln3Sr01zxXto7/1KssAQRe4s1ug",passphrase,argon2id
936,hglass,"$argon2id$v=19$m=65536,t=3,p=4$dKdnvILmZ+fWnXsKkr6Tyg$Vp4mTWFCE22lSTIXdVbhQOwJpYFdozxRSoKBhRhsMew",strong,argon2id
937,khamilton,"$argon2id$v=19$m=65536,t=3,p=4$2toN0dQ61URGQcNgK9hhxw$NOsMBcC0RbteoOjmRVLu4eQfNlmxHziq0zfTKIUb3c4",passphrase,argon2id
938,lmoore,"$argon2id$v=19$m=65536,t=3,p=4$FjYpFwCJ701SkWycmI4byQ$Re2zed3Qyq0JWmQb8gyhW6kjdd2AhTE3mnyvuXK2q9o",strong,argon2id
939,xromero,"$argon2id$v=19$m=65536,t=3,p=4$O68ZDXlJbuDB5dWcnCv7cA$5OgExaNATMSon0L1gaD+NEzYWhDpsrEf54YR6tMB9XI",weak,argon2id
940,moraleskimberly,"$argon2id$v=19$m=65536,t=3,p=4$wG2kWUOoYeSGJlcDvX1Kug$+byJetgZyNpguVDGD2hEUqZSHVEJerAk+h/I5H57pDQ",passphrase,argon2id
941,bennettandrew,"$argon2id$v=19$m=65536,t=3,p=4$6o2nBnnfiAUA8O90H6rU7w$LjUp8fTErM6+x2bwbZEhELLbKJ/AFXXykDG5+une+tQ",medium,argon2id
942,gdavis,"$argon2id$v=19$m=65536,t=3,p=4$Z9NP+9mbV+Oxe6ura/6t9g$moRfZUHrnF7hM9UDhkfDFGE0V+/oodzCrXHC+u2Ftzk",passphrase,argon2id
943,kelseysmith,"$argon2id$v=19$m=65536,t=3,p=4$sSbGU8rpFoUoMNZo9V4ieQ$TkfAZJ+bchaw305lzdJPlSRq4siNXnj4Ql8xM+dancM",strong,argon2id
944,williamsveronica,"$argon2id$v=19$m=65536,t=3,p=4$+gphf1HUEX32wPuIYZRvtQ$RBGLz5WjK/du8efkQ6Mzt+SNJYTJB8UlHoNB28TBKGU",passphrase,argon2id
945,elong,"$argon2id$v=19$m=65536,t=3,p=4$n9i2nHRy0El9PB7sNBAcdA$GJkazaMUhRRRFE1tCWNxhpHGS3H0maZd/dQxIhuZmGc",random,argon2id
946,lgonzalez,"$argon2id$v=19$m=65536,t=3,p=4$z9E0AGA0sIXZUvsui5RQkw$te2NKKpKZmFCqngZ9ajH71yUWb1DOf2stAmw7hgtfAI",weak,argon2id
947,ccarpenter,"$argon2id$v=19$m=65536,t=3,p=4$oJMdVhXu4th7/1AHiDxhqw$3tVMIsK1DO1FciMzjHWU+OtDYjsdgEUDCv8frvMeJVw",medium,argon2id
948,dianastevens,"$argon2id$v=19$m=65536,t=3,p=4$vUJ44e67XQXS1z8xxieL8g$m6tlh5FIONAZTrUa4HA5CgJWIn1VUr9SgjSeRHthTpU",passphrase,argon2id
949,natashashelton,"$argon2id$v=19$m=65536,t=3,p=4$nlPw0mhbMjF3GREF4yincg$/SWEemtSWhFqUxNiF9iHKkR8CNRMFUYYZT+zRHXlWS8",medium,argon2id
950,evanscourtney,"$argon2id$v=19$m=65536,t=3,p=4$hu/IhMVuoROqzpbiPrl2Aw$E09n5AcaYV0UbvJC9YOTiT0jRAoALl7mBzOVHCFmcbQ",passphrase,argon2id
951,qjackson,"$argon2id$v=19$m=65536,t=3,p=4$6EanzljqEt49sYCKo+e6QQ$FdzABIvuld3w6l5m/XrMgEjhOFkQ+17SVaLU6/n5Pig",weak,argon2id
952,sheila80,"$argon2id$v=19$m=65536,t=3,p=4$rfW94itS5M0ZCe0b7nIFmQ$5K8NnO4D/veHE5CrfPGbSWSY9Lo5CaMUgVafyuadaoc",random,argon2id
953,cindyburnett,"$argon2id$v=19$m=65536,t=3,p=4$buIsZSvVihpu/ZGHrMwuBw$fYcgKReCdp304a3qv7r7uV2y58B02EOvlY6+Q3l8m9Q",passphrase,argon2id
954,nallen,"$argon2id$v=19$m=65536,t=3,p=4$MX5AQJSaCVPafeCdOrV7aQ$kTL0ObTZd6eHPF1TqAhE2rJpfzly2tqiqRKtcNe39u0",medium,argon2id
955,xandrews,"$argon2id$v=19$m=65536,t=3,p=4$ozvzJ3Wj2NnTSW3m+tJfTw$J0AfW0X3fEOQvLEjpeqh3Qz7vhkbqRBS93oYjHoXCV4",medium,argon2id
956,stevenreed,"$argon2id$v=19$m=65536,t=3,p=4$J1vSmdG69Sa9DrW+osghyg$6a6VHVIxWEC/17+gOV0/W5IvILqfWaWBLs5ciubypu8",passphrase,argon2id
957,sbenton,"$argon2id$v=19$m=65536,t=3,p=4$Jn6DVvuqLr8K7beTbO0VJw$Si9S0i513pbE6EMRQHF/fWKIX7QyDnpoFfMzSlKT3z4",weak,argon2id
958,diazpatrick,"$argon2id$v=19$m=65536,t=3,p=4$U+0veq+kehrF0/q6RiBijQ$r83D3/xRPsmUiBbOie8Z8CubflqNSXTq63vUSdt2HkI",random,argon2id
959,cdavis,"$argon2id$v=19$m=65536,t=3,p=4$gp2TW/1CuPoOaGZl3RXl3A$ibdm3OKqfoyv0GVGTaBHMCf4Y9kdgS8YAEBl1Guk/Vg",weak,argon2id
960,fatkins,"$argon2id$v=19$m=65536,t=3,p=4$wRnBq2QgLk7sz7dtV8jNWA$i0KtOKAy3F7L7/Y3eeNY/nBQXxdcuZi29lplX5zWLKw",random,argon2id
961,tyronemcfarland,"$argon2id$v=19$m=65536,t=3,p=4$/FloxIDpIQEYo+6M7xaohw$D0OfDXBGR0AkHGefoqlaNYdK8/EOPn5V4EROited3GY",weak,argon2id
962,rodriguezdanielle,"$argon2id$v=19$m=65536,t=3,p=4$hROCO2UqGfRe7Ajk5wuhqw$1i6f1vDR4wHggwOaABVhn+JJyDDgG9fSJdd8KEnKpuc",medium,argon2id
963,mwilkins,"$argon2id$v=19$m=65536,t=3,p=4$dF+rVRLtYVleA3xW2hP3Cw$oRHoBsMc/EMW/gvNgBr4MkqN9peykOQUjjNOasHeY6w",weak,argon2id
964,barrycook,"$argon2id$v=19$m=65536,t=3,p=4$ow+cVVb5yqO4FaWL/CvYoQ$NVcY8cBrIGUQnUJp7eoTMVDr9Vw42VIR7EN7IaNgLgs",weak,argon2id
965,michaelcastro,"$argon2id$v=19$m=65536,t=3,p=4$/UpshhprJ21EfMrbUmdBLQ$5xBBDiI2/AdIX/ytRIdbrNeyxF9m2lVOsjLlPfdT9Cc",random,argon2id
966,jwhite,"$argon2id$v=19$m=65536,t=3,p=4$6heTJYnkYE9sc3DANwZ9tQ$XyqaCQSfAGifTEyZyAHx7OnpU4PKN/aOv4Fdhl6VGlQ",strong,argon2id
967,nelsonjeremy,"$argon2id$v=19$m=65536,t=3,p=4$bFCUSt5M63DiIDHwifjchg$DzYGsJyGwRfSzxm/4fAtPI4C3tlVn/IaXQrcUuJQymY",strong,argon2id
968,stevensstephen,"$argon2id$v=19$m=65536,t=3,p=4$uYnBzyrrfsUqDJHKD1zCgg$JUp3wwWCStBWmLot0M72OVcKIGy0kWkdM+1thBiBiHU",passphrase,argon2id
969,usharp,"$argon2id$v=19$m=65536,t=3,p=4$tHW3kcD5Ie5ymAC2485rvg$pP9NuFAoTyXXia5V4jXW2+59XnWLpb4gRJ7fpwq6gyQ",weak,argon2id
970,hillwilliam,"$argon2id$v=19$m=65536,t=3,p=4$B2zUqmvfkFsBufRQ7OzAmg$kp1alfpMDx6Tiu+z6OvKMZEyNTmWrPNLCxMDpoFmSrQ",weak,argon2id
971,wpetty,"$argon2id$v=19$m=65536,t=3,p=4$ogM8aTsnENDV+QkqN0JDbQ$JT8PoINJ+2pSWE0D0ejwDAEi2Yw+BgtJ750im5Tf0zI",strong,argon2id
972,rhodesjames,"$argon2id$v=19$m=65536,t=3,p=4$2t8v7noTM/BDt4m8A+QKgw$ya0txZSkjmryuJch5MMKG9ecrfJQ347erEOqxnEeOXs",passphrase,argon2id
973,jennifercampbell,"$argon2id$v=19$m=65536,t=3,p=4$1Qyfw5Z/NZwWxMK343F/9w$z8OzxboAUfkVEgGYMjvHQpEcJGXvZ1ws5WHthdRPtkU",strong,argon2id
974,bryananderson,"$argon2id$v=19$m=65536,t=3,p=4$tb9PD9IsfkqlQdFK9sDwlQ$RQbBw2gze3+ILN10Q2Gygj5oT/basgWRLAavptPjz4g",random,argon2id
975,chasejason,"$argon2id$v=19$m=65536,t=3,p=4$HQUXIg1e7vRTi8QlxxTD9g$Npqx3w8JzgSICeXf7ZHz9Uo9IXKzsFhZIicTPLqksgU",weak,argon2id
976,nguyenkaren,"$argon2id$v=19$m=65536,t=3,p=4$KXYOD+AmpLL06miGWwn9tg$hjlV4i770vhR/oDHwcQDQLTyXP38nFVaXyF5/FARR7I",passphrase,argon2id
977,peggysmith,"$argon2id$v=19$m=65536,t=3,p=4$FiF6tKpnpIq9FA21RRmdmg$awjXKyKgkzSvqhoBgwLOmkPB40RXI/Nj23tcjegUEGI",weak,argon2id
978,hsmith,"$argon2id$v=19$m=65536,t=3,p=4$/doW50VS1/3ov60xn+cjgw$y0d6i2cTsT+z12fzdgdGxCmprfNmUfkQd8jZ+NtxB2g",strong,argon2id
979,uallen,"$argon2id$v=19$m=65536,t=3,p=4$CEH7Q4gmZiX3RR6AKKIlvg$LF2GcMAJubsz94ny3184TvEaeof9RHxP8TkSvuqm8fI",passphrase,argon2id
980,hayesalison,"$argon2id$v=19$m=65536,t=3,p=4$UmKGiihy0vF0ZXq/WvobRw$JU03mSUGE9Zhal+kh4V0XnOUeMD+WsAQy0DC7GIzYag",random,argon2id
981,mahoneymary,"$argon2id$v=19$m=65536,t=3,p=4$BjjwD7MN5+DJS1/1vOoc+Q$3JPExYKBLnVL8sMIQmuqyYb3YPlylK6w3GJtJSHiYu4",passphrase,argon2id
982,pachecovincent,"$argon2id$v=19$m=65536,t=3,p=4$wJ/27HFpiD1n3NhNOJx7WQ$pByc+0dpQ0BXY+Dt6sMWs4GfUz+BSjl4orUXJ56u4O8",strong,argon2id
983,katherinevaldez,"$argon2id$v=19$m=65536,t=3,p=4$GTLAhvPf0xmF5TxRTVhEnQ$XlfokUatHZoV47gq+vTaCrvrj6TjTHBS26ecbOeba74",passphrase,argon2id
984,tbryant,"$argon2id$v=19$m=65536,t=3,p=4$I4cybbTz9TAfkqMULSzv6w$J7P4OFSlXneILtp1dO4y0hKyAY6fZbRKNOkrc3wrPFo",random,argon2id
985,hallbrad,"$argon2id$v=19$m=65536,t=3,p=4$h4I4PpuRlHncCQLCTwyyqQ$cBqn5VzS9apRrRMC3czz2Hjw+TYXhaBVTuVl98i5Mf8",medium,argon2id
986,brettschmitt,"$argon2id$v=19$m=65536,t=3,p=4$aoSF8NDeu1yNl5Pt0O+GbQ$0fh96pmjQ66oiaYZFXOL6K8Qxyy+ustpK8StWVFKAHg",random,argon2id
987,matthew06,"$argon2id$v=19$m=65536,t=3,p=4$Uf5nk6Ig20lLJGgBc6+0/A$cY6jCwcBHNVVxKeqBtwb0arrBeGt1TtFQqmzumlDeIA",random,argon2id
988,adamscynthia,"$argon2id$v=19$m=65536,t=3,p=4$xnKRgKOCdGbjl9Y8wLzpcA$n1y5o3noe00sGWqNGYaEHSbA/JHBRXKDCGCXNlIXsjs",passphrase,argon2id
989,colejames,"$argon2id$v=19$m=65536,t=3,p=4$PpT+MZ1V/QJq2+Hc9llSSQ$b7LXYDiI0Ga1Mh+u1dXCUI37I/hgAoR0WVIJAefMAfY",random,argon2id
990,tamarahudson,"$argon2id$v=19$m=65536,t=3,p=4$BxDtI1y+XM2MVvmG3JdHTg$+bE/Dc0X7zZ79eYWh8RJsIpLjOccu6m0IcVntjSlCTU",random,argon2id
991,esimpson,"$argon2id$v=19$m=65536,t=3,p=4$TgHL5ZXrCK27Os0MFuVZJA$0tdp8/hNV6izytKZWQEN5+ZrUWGG2RfJTaPmbTHK4Do",random,argon2id
992,angela48,"$argon2id$v=19$m=65536,t=3,p=4$4KFxtoWxOh0lfifMeq3O+Q$U1ca3aNCSfS95EUS7G2RSQ5UmzhO57Ekff/51jqer3s",weak,argon2id
993,popejoseph,"$argon2id$v=19$m=65536,t=3,p=4$IySBcLB64fLDh1P6kfe9ZA$O0i/3GgO50QKGmHC5JI+euFez9mTVS94yLGcMQlnK1s",strong,argon2id
994,josephroberts,"$argon2id$v=19$m=65536,t=3,p=4$NT7GIwRn7WCJhrpIVlMPWw$Yk0I1/c6NkTE7JaWDkgVGNnq2hJyTe6HMNvJwQpfzNw",passphrase,argon2id
995,hutchinsonrobert,"$argon2id$v=19$m=65536,t=3,p=4$TErZamxEFsP9aBGH8w58NQ$wTeeaXtcEl4wGHY9yXiDUIyzTu6vT4cWF570r4rskyk",medium,argon2id
996,joshuacole,"$argon2id$v=19$m=65536,t=3,p=4$PoeAJZklgsliCdX2V5AuQQ$ywYtMNtVXgQu+pPQ1E8pUQXTrN/4BwaaG+6kKfIM+hA",passphrase,argon2id
997,rachel12,"$argon2id$v=19$m=65536,t=3,p=4$4GssEAXopyoAMd8loE8dew$15+d9xrXSzQa4LdO3yu3vEnXNslKklseitEgDLIcwVk",weak,argon2id
998,dwayne02,"$argon2id$v=19$m=65536,t=3,p=4$Ms1+ErOZt3dpqlUYdRkqnw$YEesfwyXaFliNqzGdASiciYd2ejRSmfI+fpLpoHMDz8",random,argon2id
999,sarahjohnson,"$argon2id$v=19$m=65536,t=3,p=4$vcxeMAmPWk9J5Tba4aGgLg$IadX4p0oen4Gpo0f1XInWxWU3txIDPKlvk/onVRd3JI",strong,argon2id
1000,kbenjamin,"$argon2id$v=19$m=65536,t=3,p=4$dP65659/HilUtRVQ3mT5iA$fW7WYLAV9rxAKcxHeidUstWa2KIZ7/2F/riSjhMVMTI",random,argon2id
